;;;;;;;;;;;;;;;;;x,,,,,,,,,,,,,,,,,,,,,,,,,
no_personality;§WNo Bonus;;;;;;;;;;;;;;
attack_1.1;+1 Attack;;;;;;;;;;;;;;
attack_1.2;+1 Attack;;;;;;;;;;;;;;
attack_1.3;+1 Attack;;;;;;;;;;;;;;
attack_1.4;+1 Attack;;;;;;;;;;;;;;
attack_1.5;+1 Attack;;;;;;;;;;;;;;
attack_1.6;+1 Attack;;;;;;;;;;;;;;
attack_1.7;+1 Attack;;;;;;;;;;;;;;
attack_1.8;+1 Attack;;;;;;;;;;;;;;
attack_1.9;+1 Attack;;;;;;;;;;;;;;
attack_1.10;+1 Attack;;;;;;;;;;;;;;
attack_1.11;+1 Attack;;;;;;;;;;;;;;
attack_1.12;+1 Attack;;;;;;;;;;;;;;
attack_1.13;+1 Attack;;;;;;;;;;;;;;
attack_1.14;+1 Attack;;;;;;;;;;;;;;
attack_1.15;+1 Attack;;;;;;;;;;;;;;
attack_1.16;+1 Attack;;;;;;;;;;;;;;
attack_1.17;+1 Attack;;;;;;;;;;;;;;
attack_1.18;+1 Attack;;;;;;;;;;;;;;
attack_1.19;+1 Attack;;;;;;;;;;;;;;
attack_1.20;+1 Attack;;;;;;;;;;;;;;
attack_1.21;+1 Attack;;;;;;;;;;;;;;
attack_1.22;+1 Attack;;;;;;;;;;;;;;
attack_1.23;+1 Attack;;;;;;;;;;;;;;
attack_1.24;+1 Attack;;;;;;;;;;;;;;
attack_1.25;+1 Attack;;;;;;;;;;;;;;
attack_1.26;+1 Attack;;;;;;;;;;;;;;
attack_1.27;+1 Attack;;;;;;;;;;;;;;
attack_1.28;+1 Attack;;;;;;;;;;;;;;
attack_1.29;+1 Attack;;;;;;;;;;;;;;
attack_1.30;+1 Attack;;;;;;;;;;;;;;
attack_1.31;+1 Attack;;;;;;;;;;;;;;
attack_1.32;+1 Attack;;;;;;;;;;;;;;
attack_1.33;+1 Attack;;;;;;;;;;;;;;
attack_1.34;+1 Attack;;;;;;;;;;;;;;
attack_1.35;+1 Attack;;;;;;;;;;;;;;
attack_1.36;+1 Attack;;;;;;;;;;;;;;
attack_1.37;+1 Attack;;;;;;;;;;;;;;
attack_1.38;+1 Attack;;;;;;;;;;;;;;
attack_1.39;+1 Attack;;;;;;;;;;;;;;
attack_1.40;+1 Attack;;;;;;;;;;;;;;
attack_1.41;+1 Attack;;;;;;;;;;;;;;
attack_1.42;+1 Attack;;;;;;;;;;;;;;
attack_1.43;+1 Attack;;;;;;;;;;;;;;
attack_1.44;+1 Attack;;;;;;;;;;;;;;
attack_1.45;+1 Attack;;;;;;;;;;;;;;
attack_1.46;+1 Attack;;;;;;;;;;;;;;
attack_1.47;+1 Attack;;;;;;;;;;;;;;
attack_1.48;+1 Attack;;;;;;;;;;;;;;
attack_1.49;+1 Attack;;;;;;;;;;;;;;
attack_1.50;+1 Attack;;;;;;;;;;;;;;
attack_1.51;+1 Attack;;;;;;;;;;;;;;
attack_1.52;+1 Attack;;;;;;;;;;;;;;
attack_1.53;+1 Attack;;;;;;;;;;;;;;
attack_1.54;+1 Attack;;;;;;;;;;;;;;
attack_1.55;+1 Attack;;;;;;;;;;;;;;
attack_1.56;+1 Attack;;;;;;;;;;;;;;
attack_1.57;+1 Attack;;;;;;;;;;;;;;
attack_1.58;+1 Attack;;;;;;;;;;;;;;
attack_1.59;+1 Attack;;;;;;;;;;;;;;
attack_1.60;+1 Attack;;;;;;;;;;;;;;
attack_1.61;+1 Attack;;;;;;;;;;;;;;
attack_1.62;+1 Attack;;;;;;;;;;;;;;
attack_1.63;+1 Attack;;;;;;;;;;;;;;
attack_1.64;+1 Attack;;;;;;;;;;;;;;
attack_1.65;+1 Attack;;;;;;;;;;;;;;
attack_1.66;+1 Attack;;;;;;;;;;;;;;
attack_1.67;+1 Attack;;;;;;;;;;;;;;
attack_1.68;+1 Attack;;;;;;;;;;;;;;
attack_1.69;+1 Attack;;;;;;;;;;;;;;
attack_1.70;+1 Attack;;;;;;;;;;;;;;
attack_1.71;+1 Attack;;;;;;;;;;;;;;
attack_1.72;+1 Attack;;;;;;;;;;;;;;
attack_1.73;+1 Attack;;;;;;;;;;;;;;
attack_1.74;+1 Attack;;;;;;;;;;;;;;
attack_1.75;+1 Attack;;;;;;;;;;;;;;
attack_1.76;+1 Attack;;;;;;;;;;;;;;
attack_1.77;+1 Attack;;;;;;;;;;;;;;
attack_1.78;+1 Attack;;;;;;;;;;;;;;
attack_1.79;+1 Attack;;;;;;;;;;;;;;
attack_1.80;+1 Attack;;;;;;;;;;;;;;
attack_1.81;+1 Attack;;;;;;;;;;;;;;
attack_1.82;+1 Attack;;;;;;;;;;;;;;
attack_1.83;+1 Attack;;;;;;;;;;;;;;
attack_1.84;+1 Attack;;;;;;;;;;;;;;
attack_1.85;+1 Attack;;;;;;;;;;;;;;
attack_1.86;+1 Attack;;;;;;;;;;;;;;
attack_1.87;+1 Attack;;;;;;;;;;;;;;
attack_1.88;+1 Attack;;;;;;;;;;;;;;
attack_1.89;+1 Attack;;;;;;;;;;;;;;
attack_1.90;+1 Attack;;;;;;;;;;;;;;
attack_1.91;+1 Attack;;;;;;;;;;;;;;
attack_1.92;+1 Attack;;;;;;;;;;;;;;
attack_1.93;+1 Attack;;;;;;;;;;;;;;
attack_1.94;+1 Attack;;;;;;;;;;;;;;
attack_1.95;+1 Attack;;;;;;;;;;;;;;
attack_1.96;+1 Attack;;;;;;;;;;;;;;
attack_1.97;+1 Attack;;;;;;;;;;;;;;
attack_1.98;+1 Attack;;;;;;;;;;;;;;
attack_1.99;+1 Attack;;;;;;;;;;;;;;
attack_1.100;+1 Attack;;;;;;;;;;;;;;
attack_1.101;+1 Attack;;;;;;;;;;;;;;
attack_1.102;+1 Attack;;;;;;;;;;;;;;
attack_1.103;+1 Attack;;;;;;;;;;;;;;
attack_1.104;+1 Attack;;;;;;;;;;;;;;
attack_1.105;+1 Attack;;;;;;;;;;;;;;
attack_1.106;+1 Attack;;;;;;;;;;;;;;
attack_1.107;+1 Attack;;;;;;;;;;;;;;
attack_1.108;+1 Attack;;;;;;;;;;;;;;
attack_1.109;+1 Attack;;;;;;;;;;;;;;
attack_1.110;+1 Attack;;;;;;;;;;;;;;
attack_1.111;+1 Attack;;;;;;;;;;;;;;
attack_1.112;+1 Attack;;;;;;;;;;;;;;
attack_1.113;+1 Attack;;;;;;;;;;;;;;
attack_1.114;+1 Attack;;;;;;;;;;;;;;
attack_1.115;+1 Attack;;;;;;;;;;;;;;
attack_1.116;+1 Attack;;;;;;;;;;;;;;
attack_1.117;+1 Attack;;;;;;;;;;;;;;
attack_1.118;+1 Attack;;;;;;;;;;;;;;
attack_1.119;+1 Attack;;;;;;;;;;;;;;
attack_1.120;+1 Attack;;;;;;;;;;;;;;
attack_1.121;+1 Attack;;;;;;;;;;;;;;
attack_1.122;+1 Attack;;;;;;;;;;;;;;
attack_1.123;+1 Attack;;;;;;;;;;;;;;
attack_1.124;+1 Attack;;;;;;;;;;;;;;
attack_1.125;+1 Attack;;;;;;;;;;;;;;
attack_1.126;+1 Attack;;;;;;;;;;;;;;
attack_1.127;+1 Attack;;;;;;;;;;;;;;
attack_1.128;+1 Attack;;;;;;;;;;;;;;
attack_1.129;+1 Attack;;;;;;;;;;;;;;
attack_1.130;+1 Attack;;;;;;;;;;;;;;
attack_1.131;+1 Attack;;;;;;;;;;;;;;
attack_1.132;+1 Attack;;;;;;;;;;;;;;
attack_1.133;+1 Attack;;;;;;;;;;;;;;
attack_1.134;+1 Attack;;;;;;;;;;;;;;
attack_1.135;+1 Attack;;;;;;;;;;;;;;
attack_1.136;+1 Attack;;;;;;;;;;;;;;
attack_1.137;+1 Attack;;;;;;;;;;;;;;
attack_1.138;+1 Attack;;;;;;;;;;;;;;
attack_1.139;+1 Attack;;;;;;;;;;;;;;
attack_1.140;+1 Attack;;;;;;;;;;;;;;
attack_1.141;+1 Attack;;;;;;;;;;;;;;
attack_1.142;+1 Attack;;;;;;;;;;;;;;
attack_1.143;+1 Attack;;;;;;;;;;;;;;
attack_1.144;+1 Attack;;;;;;;;;;;;;;
attack_1.145;+1 Attack;;;;;;;;;;;;;;
attack_1.146;+1 Attack;;;;;;;;;;;;;;
attack_1.147;+1 Attack;;;;;;;;;;;;;;
attack_1.148;+1 Attack;;;;;;;;;;;;;;
attack_1.149;+1 Attack;;;;;;;;;;;;;;
attack_1.150;+1 Attack;;;;;;;;;;;;;;
attack_1.151;+1 Attack;;;;;;;;;;;;;;
attack_1.152;+1 Attack;;;;;;;;;;;;;;
attack_1.153;+1 Attack;;;;;;;;;;;;;;
attack_1.154;+1 Attack;;;;;;;;;;;;;;
attack_1.155;+1 Attack;;;;;;;;;;;;;;
attack_1.156;+1 Attack;;;;;;;;;;;;;;
attack_1.157;+1 Attack;;;;;;;;;;;;;;
attack_1.158;+1 Attack;;;;;;;;;;;;;;
attack_1.159;+1 Attack;;;;;;;;;;;;;;
attack_1.160;+1 Attack;;;;;;;;;;;;;;
attack_1.161;+1 Attack;;;;;;;;;;;;;;
attack_1.162;+1 Attack;;;;;;;;;;;;;;
attack_1.163;+1 Attack;;;;;;;;;;;;;;
attack_1.164;+1 Attack;;;;;;;;;;;;;;
attack_1.165;+1 Attack;;;;;;;;;;;;;;
attack_1.166;+1 Attack;;;;;;;;;;;;;;
attack_1.167;+1 Attack;;;;;;;;;;;;;;
attack_1.168;+1 Attack;;;;;;;;;;;;;;
attack_1.169;+1 Attack;;;;;;;;;;;;;;
attack_1.170;+1 Attack;;;;;;;;;;;;;;
attack_1.171;+1 Attack;;;;;;;;;;;;;;
attack_1.172;+1 Attack;;;;;;;;;;;;;;
attack_1.173;+1 Attack;;;;;;;;;;;;;;
attack_1.174;+1 Attack;;;;;;;;;;;;;;
attack_1.175;+1 Attack;;;;;;;;;;;;;;
attack_1.176;+1 Attack;;;;;;;;;;;;;;
attack_1.177;+1 Attack;;;;;;;;;;;;;;
attack_1.178;+1 Attack;;;;;;;;;;;;;;
attack_1.179;+1 Attack;;;;;;;;;;;;;;
attack_1.180;+1 Attack;;;;;;;;;;;;;;
attack_1.181;+1 Attack;;;;;;;;;;;;;;
attack_1.182;+1 Attack;;;;;;;;;;;;;;
attack_1.183;+1 Attack;;;;;;;;;;;;;;
attack_1.184;+1 Attack;;;;;;;;;;;;;;
attack_1.185;+1 Attack;;;;;;;;;;;;;;
attack_1.186;+1 Attack;;;;;;;;;;;;;;
attack_1.187;+1 Attack;;;;;;;;;;;;;;
attack_1.188;+1 Attack;;;;;;;;;;;;;;
attack_1.189;+1 Attack;;;;;;;;;;;;;;
attack_1.190;+1 Attack;;;;;;;;;;;;;;
attack_1.191;+1 Attack;;;;;;;;;;;;;;
attack_1.192;+1 Attack;;;;;;;;;;;;;;
attack_1.193;+1 Attack;;;;;;;;;;;;;;
attack_1.194;+1 Attack;;;;;;;;;;;;;;
attack_1.195;+1 Attack;;;;;;;;;;;;;;
attack_1.196;+1 Attack;;;;;;;;;;;;;;
attack_1.197;+1 Attack;;;;;;;;;;;;;;
attack_1.198;+1 Attack;;;;;;;;;;;;;;
attack_1.199;+1 Attack;;;;;;;;;;;;;;
attack_1.200;+1 Attack;;;;;;;;;;;;;;
attack_2.1;+2 Attack;;;;;;;;;;;;;;
attack_2.2;+2 Attack;;;;;;;;;;;;;;
attack_2.3;+2 Attack;;;;;;;;;;;;;;
attack_2.4;+2 Attack;;;;;;;;;;;;;;
attack_2.5;+2 Attack;;;;;;;;;;;;;;
attack_2.6;+2 Attack;;;;;;;;;;;;;;
attack_2.7;+2 Attack;;;;;;;;;;;;;;
attack_2.8;+2 Attack;;;;;;;;;;;;;;
attack_2.9;+2 Attack;;;;;;;;;;;;;;
attack_2.10;+2 Attack;;;;;;;;;;;;;;
attack_2.11;+2 Attack;;;;;;;;;;;;;;
attack_2.12;+2 Attack;;;;;;;;;;;;;;
attack_2.13;+2 Attack;;;;;;;;;;;;;;
attack_2.14;+2 Attack;;;;;;;;;;;;;;
attack_2.15;+2 Attack;;;;;;;;;;;;;;
attack_2.16;+2 Attack;;;;;;;;;;;;;;
attack_2.17;+2 Attack;;;;;;;;;;;;;;
attack_2.18;+2 Attack;;;;;;;;;;;;;;
attack_2.19;+2 Attack;;;;;;;;;;;;;;
attack_2.20;+2 Attack;;;;;;;;;;;;;;
attack_2.21;+2 Attack;;;;;;;;;;;;;;
attack_2.22;+2 Attack;;;;;;;;;;;;;;
attack_2.23;+2 Attack;;;;;;;;;;;;;;
attack_2.24;+2 Attack;;;;;;;;;;;;;;
attack_2.25;+2 Attack;;;;;;;;;;;;;;
attack_2.26;+2 Attack;;;;;;;;;;;;;;
attack_2.27;+2 Attack;;;;;;;;;;;;;;
attack_2.28;+2 Attack;;;;;;;;;;;;;;
attack_2.29;+2 Attack;;;;;;;;;;;;;;
attack_2.30;+2 Attack;;;;;;;;;;;;;;
attack_2.31;+2 Attack;;;;;;;;;;;;;;
attack_2.32;+2 Attack;;;;;;;;;;;;;;
attack_2.33;+2 Attack;;;;;;;;;;;;;;
attack_2.34;+2 Attack;;;;;;;;;;;;;;
attack_2.35;+2 Attack;;;;;;;;;;;;;;
attack_2.36;+2 Attack;;;;;;;;;;;;;;
attack_2.37;+2 Attack;;;;;;;;;;;;;;
attack_2.38;+2 Attack;;;;;;;;;;;;;;
attack_2.39;+2 Attack;;;;;;;;;;;;;;
attack_2.40;+2 Attack;;;;;;;;;;;;;;
attack_2.41;+2 Attack;;;;;;;;;;;;;;
attack_2.42;+2 Attack;;;;;;;;;;;;;;
attack_2.43;+2 Attack;;;;;;;;;;;;;;
attack_2.44;+2 Attack;;;;;;;;;;;;;;
attack_2.45;+2 Attack;;;;;;;;;;;;;;
attack_2.46;+2 Attack;;;;;;;;;;;;;;
attack_2.47;+2 Attack;;;;;;;;;;;;;;
attack_2.48;+2 Attack;;;;;;;;;;;;;;
attack_2.49;+2 Attack;;;;;;;;;;;;;;
attack_2.50;+2 Attack;;;;;;;;;;;;;;
attack_2.51;+2 Attack;;;;;;;;;;;;;;
attack_2.52;+2 Attack;;;;;;;;;;;;;;
attack_2.53;+2 Attack;;;;;;;;;;;;;;
attack_2.54;+2 Attack;;;;;;;;;;;;;;
attack_2.55;+2 Attack;;;;;;;;;;;;;;
attack_2.56;+2 Attack;;;;;;;;;;;;;;
attack_2.57;+2 Attack;;;;;;;;;;;;;;
attack_2.58;+2 Attack;;;;;;;;;;;;;;
attack_2.59;+2 Attack;;;;;;;;;;;;;;
attack_2.60;+2 Attack;;;;;;;;;;;;;;
attack_2.61;+2 Attack;;;;;;;;;;;;;;
attack_2.62;+2 Attack;;;;;;;;;;;;;;
attack_2.63;+2 Attack;;;;;;;;;;;;;;
attack_2.64;+2 Attack;;;;;;;;;;;;;;
attack_2.65;+2 Attack;;;;;;;;;;;;;;
attack_2.66;+2 Attack;;;;;;;;;;;;;;
attack_2.67;+2 Attack;;;;;;;;;;;;;;
attack_2.68;+2 Attack;;;;;;;;;;;;;;
attack_2.69;+2 Attack;;;;;;;;;;;;;;
attack_2.70;+2 Attack;;;;;;;;;;;;;;
attack_2.71;+2 Attack;;;;;;;;;;;;;;
attack_2.72;+2 Attack;;;;;;;;;;;;;;
attack_2.73;+2 Attack;;;;;;;;;;;;;;
attack_2.74;+2 Attack;;;;;;;;;;;;;;
attack_2.75;+2 Attack;;;;;;;;;;;;;;
attack_2.76;+2 Attack;;;;;;;;;;;;;;
attack_2.77;+2 Attack;;;;;;;;;;;;;;
attack_2.78;+2 Attack;;;;;;;;;;;;;;
attack_2.79;+2 Attack;;;;;;;;;;;;;;
attack_2.80;+2 Attack;;;;;;;;;;;;;;
attack_2.81;+2 Attack;;;;;;;;;;;;;;
attack_2.82;+2 Attack;;;;;;;;;;;;;;
attack_2.83;+2 Attack;;;;;;;;;;;;;;
attack_2.84;+2 Attack;;;;;;;;;;;;;;
attack_2.85;+2 Attack;;;;;;;;;;;;;;
attack_2.86;+2 Attack;;;;;;;;;;;;;;
attack_2.87;+2 Attack;;;;;;;;;;;;;;
attack_2.88;+2 Attack;;;;;;;;;;;;;;
attack_2.89;+2 Attack;;;;;;;;;;;;;;
attack_2.90;+2 Attack;;;;;;;;;;;;;;
attack_2.91;+2 Attack;;;;;;;;;;;;;;
attack_2.92;+2 Attack;;;;;;;;;;;;;;
attack_2.93;+2 Attack;;;;;;;;;;;;;;
attack_2.94;+2 Attack;;;;;;;;;;;;;;
attack_2.95;+2 Attack;;;;;;;;;;;;;;
attack_2.96;+2 Attack;;;;;;;;;;;;;;
attack_2.97;+2 Attack;;;;;;;;;;;;;;
attack_2.98;+2 Attack;;;;;;;;;;;;;;
attack_2.99;+2 Attack;;;;;;;;;;;;;;
attack_2.100;+2 Attack;;;;;;;;;;;;;;
attack_3.1;§B+3 Attack;;;;;;;;;;;;;;
attack_3.2;§B+3 Attack;;;;;;;;;;;;;;
attack_3.3;§B+3 Attack;;;;;;;;;;;;;;
attack_3.4;§B+3 Attack;;;;;;;;;;;;;;
attack_3.5;§B+3 Attack;;;;;;;;;;;;;;
attack_3.6;§B+3 Attack;;;;;;;;;;;;;;
attack_3.7;§B+3 Attack;;;;;;;;;;;;;;
attack_3.8;§B+3 Attack;;;;;;;;;;;;;;
attack_3.9;§B+3 Attack;;;;;;;;;;;;;;
attack_3.10;§B+3 Attack;;;;;;;;;;;;;;
attack_3.11;§B+3 Attack;;;;;;;;;;;;;;
attack_3.12;§B+3 Attack;;;;;;;;;;;;;;
attack_3.13;§B+3 Attack;;;;;;;;;;;;;;
attack_3.14;§B+3 Attack;;;;;;;;;;;;;;
attack_3.15;§B+3 Attack;;;;;;;;;;;;;;
attack_3.16;§B+3 Attack;;;;;;;;;;;;;;
attack_3.17;§B+3 Attack;;;;;;;;;;;;;;
attack_3.18;§B+3 Attack;;;;;;;;;;;;;;
attack_3.19;§B+3 Attack;;;;;;;;;;;;;;
attack_3.20;§B+3 Attack;;;;;;;;;;;;;;
attack_4.1;§G+4 Attack;;;;;;;;;;;;;;
attack_4.2;§G+4 Attack;;;;;;;;;;;;;;
attack_4.3;§G+4 Attack;;;;;;;;;;;;;;
attack_4.4;§G+4 Attack;;;;;;;;;;;;;;
attack_5.1;§Y+5 Attack;;;;;;;;;;;;;;
defence_1.1;+1 Defence;;;;;;;;;;;;;;
defence_1.2;+1 Defence;;;;;;;;;;;;;;
defence_1.3;+1 Defence;;;;;;;;;;;;;;
defence_1.4;+1 Defence;;;;;;;;;;;;;;
defence_1.5;+1 Defence;;;;;;;;;;;;;;
defence_1.6;+1 Defence;;;;;;;;;;;;;;
defence_1.7;+1 Defence;;;;;;;;;;;;;;
defence_1.8;+1 Defence;;;;;;;;;;;;;;
defence_1.9;+1 Defence;;;;;;;;;;;;;;
defence_1.10;+1 Defence;;;;;;;;;;;;;;
defence_1.11;+1 Defence;;;;;;;;;;;;;;
defence_1.12;+1 Defence;;;;;;;;;;;;;;
defence_1.13;+1 Defence;;;;;;;;;;;;;;
defence_1.14;+1 Defence;;;;;;;;;;;;;;
defence_1.15;+1 Defence;;;;;;;;;;;;;;
defence_1.16;+1 Defence;;;;;;;;;;;;;;
defence_1.17;+1 Defence;;;;;;;;;;;;;;
defence_1.18;+1 Defence;;;;;;;;;;;;;;
defence_1.19;+1 Defence;;;;;;;;;;;;;;
defence_1.20;+1 Defence;;;;;;;;;;;;;;
defence_1.21;+1 Defence;;;;;;;;;;;;;;
defence_1.22;+1 Defence;;;;;;;;;;;;;;
defence_1.23;+1 Defence;;;;;;;;;;;;;;
defence_1.24;+1 Defence;;;;;;;;;;;;;;
defence_1.25;+1 Defence;;;;;;;;;;;;;;
defence_1.26;+1 Defence;;;;;;;;;;;;;;
defence_1.27;+1 Defence;;;;;;;;;;;;;;
defence_1.28;+1 Defence;;;;;;;;;;;;;;
defence_1.29;+1 Defence;;;;;;;;;;;;;;
defence_1.30;+1 Defence;;;;;;;;;;;;;;
defence_1.31;+1 Defence;;;;;;;;;;;;;;
defence_1.32;+1 Defence;;;;;;;;;;;;;;
defence_1.33;+1 Defence;;;;;;;;;;;;;;
defence_1.34;+1 Defence;;;;;;;;;;;;;;
defence_1.35;+1 Defence;;;;;;;;;;;;;;
defence_1.36;+1 Defence;;;;;;;;;;;;;;
defence_1.37;+1 Defence;;;;;;;;;;;;;;
defence_1.38;+1 Defence;;;;;;;;;;;;;;
defence_1.39;+1 Defence;;;;;;;;;;;;;;
defence_1.40;+1 Defence;;;;;;;;;;;;;;
defence_1.41;+1 Defence;;;;;;;;;;;;;;
defence_1.42;+1 Defence;;;;;;;;;;;;;;
defence_1.43;+1 Defence;;;;;;;;;;;;;;
defence_1.44;+1 Defence;;;;;;;;;;;;;;
defence_1.45;+1 Defence;;;;;;;;;;;;;;
defence_1.46;+1 Defence;;;;;;;;;;;;;;
defence_1.47;+1 Defence;;;;;;;;;;;;;;
defence_1.48;+1 Defence;;;;;;;;;;;;;;
defence_1.49;+1 Defence;;;;;;;;;;;;;;
defence_1.50;+1 Defence;;;;;;;;;;;;;;
defence_1.51;+1 Defence;;;;;;;;;;;;;;
defence_1.52;+1 Defence;;;;;;;;;;;;;;
defence_1.53;+1 Defence;;;;;;;;;;;;;;
defence_1.54;+1 Defence;;;;;;;;;;;;;;
defence_1.55;+1 Defence;;;;;;;;;;;;;;
defence_1.56;+1 Defence;;;;;;;;;;;;;;
defence_1.57;+1 Defence;;;;;;;;;;;;;;
defence_1.58;+1 Defence;;;;;;;;;;;;;;
defence_1.59;+1 Defence;;;;;;;;;;;;;;
defence_1.60;+1 Defence;;;;;;;;;;;;;;
defence_1.61;+1 Defence;;;;;;;;;;;;;;
defence_1.62;+1 Defence;;;;;;;;;;;;;;
defence_1.63;+1 Defence;;;;;;;;;;;;;;
defence_1.64;+1 Defence;;;;;;;;;;;;;;
defence_1.65;+1 Defence;;;;;;;;;;;;;;
defence_1.66;+1 Defence;;;;;;;;;;;;;;
defence_1.67;+1 Defence;;;;;;;;;;;;;;
defence_1.68;+1 Defence;;;;;;;;;;;;;;
defence_1.69;+1 Defence;;;;;;;;;;;;;;
defence_1.70;+1 Defence;;;;;;;;;;;;;;
defence_1.71;+1 Defence;;;;;;;;;;;;;;
defence_1.72;+1 Defence;;;;;;;;;;;;;;
defence_1.73;+1 Defence;;;;;;;;;;;;;;
defence_1.74;+1 Defence;;;;;;;;;;;;;;
defence_1.75;+1 Defence;;;;;;;;;;;;;;
defence_1.76;+1 Defence;;;;;;;;;;;;;;
defence_1.77;+1 Defence;;;;;;;;;;;;;;
defence_1.78;+1 Defence;;;;;;;;;;;;;;
defence_1.79;+1 Defence;;;;;;;;;;;;;;
defence_1.80;+1 Defence;;;;;;;;;;;;;;
defence_1.81;+1 Defence;;;;;;;;;;;;;;
defence_1.82;+1 Defence;;;;;;;;;;;;;;
defence_1.83;+1 Defence;;;;;;;;;;;;;;
defence_1.84;+1 Defence;;;;;;;;;;;;;;
defence_1.85;+1 Defence;;;;;;;;;;;;;;
defence_1.86;+1 Defence;;;;;;;;;;;;;;
defence_1.87;+1 Defence;;;;;;;;;;;;;;
defence_1.88;+1 Defence;;;;;;;;;;;;;;
defence_1.89;+1 Defence;;;;;;;;;;;;;;
defence_1.90;+1 Defence;;;;;;;;;;;;;;
defence_1.91;+1 Defence;;;;;;;;;;;;;;
defence_1.92;+1 Defence;;;;;;;;;;;;;;
defence_1.93;+1 Defence;;;;;;;;;;;;;;
defence_1.94;+1 Defence;;;;;;;;;;;;;;
defence_1.95;+1 Defence;;;;;;;;;;;;;;
defence_1.96;+1 Defence;;;;;;;;;;;;;;
defence_1.97;+1 Defence;;;;;;;;;;;;;;
defence_1.98;+1 Defence;;;;;;;;;;;;;;
defence_1.99;+1 Defence;;;;;;;;;;;;;;
defence_1.100;+1 Defence;;;;;;;;;;;;;;
defence_1.101;+1 Defence;;;;;;;;;;;;;;
defence_1.102;+1 Defence;;;;;;;;;;;;;;
defence_1.103;+1 Defence;;;;;;;;;;;;;;
defence_1.104;+1 Defence;;;;;;;;;;;;;;
defence_1.105;+1 Defence;;;;;;;;;;;;;;
defence_1.106;+1 Defence;;;;;;;;;;;;;;
defence_1.107;+1 Defence;;;;;;;;;;;;;;
defence_1.108;+1 Defence;;;;;;;;;;;;;;
defence_1.109;+1 Defence;;;;;;;;;;;;;;
defence_1.110;+1 Defence;;;;;;;;;;;;;;
defence_1.111;+1 Defence;;;;;;;;;;;;;;
defence_1.112;+1 Defence;;;;;;;;;;;;;;
defence_1.113;+1 Defence;;;;;;;;;;;;;;
defence_1.114;+1 Defence;;;;;;;;;;;;;;
defence_1.115;+1 Defence;;;;;;;;;;;;;;
defence_1.116;+1 Defence;;;;;;;;;;;;;;
defence_1.117;+1 Defence;;;;;;;;;;;;;;
defence_1.118;+1 Defence;;;;;;;;;;;;;;
defence_1.119;+1 Defence;;;;;;;;;;;;;;
defence_1.120;+1 Defence;;;;;;;;;;;;;;
defence_1.121;+1 Defence;;;;;;;;;;;;;;
defence_1.122;+1 Defence;;;;;;;;;;;;;;
defence_1.123;+1 Defence;;;;;;;;;;;;;;
defence_1.124;+1 Defence;;;;;;;;;;;;;;
defence_1.125;+1 Defence;;;;;;;;;;;;;;
defence_1.126;+1 Defence;;;;;;;;;;;;;;
defence_1.127;+1 Defence;;;;;;;;;;;;;;
defence_1.128;+1 Defence;;;;;;;;;;;;;;
defence_1.129;+1 Defence;;;;;;;;;;;;;;
defence_1.130;+1 Defence;;;;;;;;;;;;;;
defence_1.131;+1 Defence;;;;;;;;;;;;;;
defence_1.132;+1 Defence;;;;;;;;;;;;;;
defence_1.133;+1 Defence;;;;;;;;;;;;;;
defence_1.134;+1 Defence;;;;;;;;;;;;;;
defence_1.135;+1 Defence;;;;;;;;;;;;;;
defence_1.136;+1 Defence;;;;;;;;;;;;;;
defence_1.137;+1 Defence;;;;;;;;;;;;;;
defence_1.138;+1 Defence;;;;;;;;;;;;;;
defence_1.139;+1 Defence;;;;;;;;;;;;;;
defence_1.140;+1 Defence;;;;;;;;;;;;;;
defence_1.141;+1 Defence;;;;;;;;;;;;;;
defence_1.142;+1 Defence;;;;;;;;;;;;;;
defence_1.143;+1 Defence;;;;;;;;;;;;;;
defence_1.144;+1 Defence;;;;;;;;;;;;;;
defence_1.145;+1 Defence;;;;;;;;;;;;;;
defence_1.146;+1 Defence;;;;;;;;;;;;;;
defence_1.147;+1 Defence;;;;;;;;;;;;;;
defence_1.148;+1 Defence;;;;;;;;;;;;;;
defence_1.149;+1 Defence;;;;;;;;;;;;;;
defence_1.150;+1 Defence;;;;;;;;;;;;;;
defence_1.151;+1 Defence;;;;;;;;;;;;;;
defence_1.152;+1 Defence;;;;;;;;;;;;;;
defence_1.153;+1 Defence;;;;;;;;;;;;;;
defence_1.154;+1 Defence;;;;;;;;;;;;;;
defence_1.155;+1 Defence;;;;;;;;;;;;;;
defence_1.156;+1 Defence;;;;;;;;;;;;;;
defence_1.157;+1 Defence;;;;;;;;;;;;;;
defence_1.158;+1 Defence;;;;;;;;;;;;;;
defence_1.159;+1 Defence;;;;;;;;;;;;;;
defence_1.160;+1 Defence;;;;;;;;;;;;;;
defence_1.161;+1 Defence;;;;;;;;;;;;;;
defence_1.162;+1 Defence;;;;;;;;;;;;;;
defence_1.163;+1 Defence;;;;;;;;;;;;;;
defence_1.164;+1 Defence;;;;;;;;;;;;;;
defence_1.165;+1 Defence;;;;;;;;;;;;;;
defence_1.166;+1 Defence;;;;;;;;;;;;;;
defence_1.167;+1 Defence;;;;;;;;;;;;;;
defence_1.168;+1 Defence;;;;;;;;;;;;;;
defence_1.169;+1 Defence;;;;;;;;;;;;;;
defence_1.170;+1 Defence;;;;;;;;;;;;;;
defence_1.171;+1 Defence;;;;;;;;;;;;;;
defence_1.172;+1 Defence;;;;;;;;;;;;;;
defence_1.173;+1 Defence;;;;;;;;;;;;;;
defence_1.174;+1 Defence;;;;;;;;;;;;;;
defence_1.175;+1 Defence;;;;;;;;;;;;;;
defence_1.176;+1 Defence;;;;;;;;;;;;;;
defence_1.177;+1 Defence;;;;;;;;;;;;;;
defence_1.178;+1 Defence;;;;;;;;;;;;;;
defence_1.179;+1 Defence;;;;;;;;;;;;;;
defence_1.180;+1 Defence;;;;;;;;;;;;;;
defence_1.181;+1 Defence;;;;;;;;;;;;;;
defence_1.182;+1 Defence;;;;;;;;;;;;;;
defence_1.183;+1 Defence;;;;;;;;;;;;;;
defence_1.184;+1 Defence;;;;;;;;;;;;;;
defence_1.185;+1 Defence;;;;;;;;;;;;;;
defence_1.186;+1 Defence;;;;;;;;;;;;;;
defence_1.187;+1 Defence;;;;;;;;;;;;;;
defence_1.188;+1 Defence;;;;;;;;;;;;;;
defence_1.189;+1 Defence;;;;;;;;;;;;;;
defence_1.190;+1 Defence;;;;;;;;;;;;;;
defence_1.191;+1 Defence;;;;;;;;;;;;;;
defence_1.192;+1 Defence;;;;;;;;;;;;;;
defence_1.193;+1 Defence;;;;;;;;;;;;;;
defence_1.194;+1 Defence;;;;;;;;;;;;;;
defence_1.195;+1 Defence;;;;;;;;;;;;;;
defence_1.196;+1 Defence;;;;;;;;;;;;;;
defence_1.197;+1 Defence;;;;;;;;;;;;;;
defence_1.198;+1 Defence;;;;;;;;;;;;;;
defence_1.199;+1 Defence;;;;;;;;;;;;;;
defence_1.200;+1 Defence;;;;;;;;;;;;;;
defence_2.1;+2 Defence;;;;;;;;;;;;;;
defence_2.2;+2 Defence;;;;;;;;;;;;;;
defence_2.3;+2 Defence;;;;;;;;;;;;;;
defence_2.4;+2 Defence;;;;;;;;;;;;;;
defence_2.5;+2 Defence;;;;;;;;;;;;;;
defence_2.6;+2 Defence;;;;;;;;;;;;;;
defence_2.7;+2 Defence;;;;;;;;;;;;;;
defence_2.8;+2 Defence;;;;;;;;;;;;;;
defence_2.9;+2 Defence;;;;;;;;;;;;;;
defence_2.10;+2 Defence;;;;;;;;;;;;;;
defence_2.11;+2 Defence;;;;;;;;;;;;;;
defence_2.12;+2 Defence;;;;;;;;;;;;;;
defence_2.13;+2 Defence;;;;;;;;;;;;;;
defence_2.14;+2 Defence;;;;;;;;;;;;;;
defence_2.15;+2 Defence;;;;;;;;;;;;;;
defence_2.16;+2 Defence;;;;;;;;;;;;;;
defence_2.17;+2 Defence;;;;;;;;;;;;;;
defence_2.18;+2 Defence;;;;;;;;;;;;;;
defence_2.19;+2 Defence;;;;;;;;;;;;;;
defence_2.20;+2 Defence;;;;;;;;;;;;;;
defence_2.21;+2 Defence;;;;;;;;;;;;;;
defence_2.22;+2 Defence;;;;;;;;;;;;;;
defence_2.23;+2 Defence;;;;;;;;;;;;;;
defence_2.24;+2 Defence;;;;;;;;;;;;;;
defence_2.25;+2 Defence;;;;;;;;;;;;;;
defence_2.26;+2 Defence;;;;;;;;;;;;;;
defence_2.27;+2 Defence;;;;;;;;;;;;;;
defence_2.28;+2 Defence;;;;;;;;;;;;;;
defence_2.29;+2 Defence;;;;;;;;;;;;;;
defence_2.30;+2 Defence;;;;;;;;;;;;;;
defence_2.31;+2 Defence;;;;;;;;;;;;;;
defence_2.32;+2 Defence;;;;;;;;;;;;;;
defence_2.33;+2 Defence;;;;;;;;;;;;;;
defence_2.34;+2 Defence;;;;;;;;;;;;;;
defence_2.35;+2 Defence;;;;;;;;;;;;;;
defence_2.36;+2 Defence;;;;;;;;;;;;;;
defence_2.37;+2 Defence;;;;;;;;;;;;;;
defence_2.38;+2 Defence;;;;;;;;;;;;;;
defence_2.39;+2 Defence;;;;;;;;;;;;;;
defence_2.40;+2 Defence;;;;;;;;;;;;;;
defence_2.41;+2 Defence;;;;;;;;;;;;;;
defence_2.42;+2 Defence;;;;;;;;;;;;;;
defence_2.43;+2 Defence;;;;;;;;;;;;;;
defence_2.44;+2 Defence;;;;;;;;;;;;;;
defence_2.45;+2 Defence;;;;;;;;;;;;;;
defence_2.46;+2 Defence;;;;;;;;;;;;;;
defence_2.47;+2 Defence;;;;;;;;;;;;;;
defence_2.48;+2 Defence;;;;;;;;;;;;;;
defence_2.49;+2 Defence;;;;;;;;;;;;;;
defence_2.50;+2 Defence;;;;;;;;;;;;;;
defence_2.51;+2 Defence;;;;;;;;;;;;;;
defence_2.52;+2 Defence;;;;;;;;;;;;;;
defence_2.53;+2 Defence;;;;;;;;;;;;;;
defence_2.54;+2 Defence;;;;;;;;;;;;;;
defence_2.55;+2 Defence;;;;;;;;;;;;;;
defence_2.56;+2 Defence;;;;;;;;;;;;;;
defence_2.57;+2 Defence;;;;;;;;;;;;;;
defence_2.58;+2 Defence;;;;;;;;;;;;;;
defence_2.59;+2 Defence;;;;;;;;;;;;;;
defence_2.60;+2 Defence;;;;;;;;;;;;;;
defence_2.61;+2 Defence;;;;;;;;;;;;;;
defence_2.62;+2 Defence;;;;;;;;;;;;;;
defence_2.63;+2 Defence;;;;;;;;;;;;;;
defence_2.64;+2 Defence;;;;;;;;;;;;;;
defence_2.65;+2 Defence;;;;;;;;;;;;;;
defence_2.66;+2 Defence;;;;;;;;;;;;;;
defence_2.67;+2 Defence;;;;;;;;;;;;;;
defence_2.68;+2 Defence;;;;;;;;;;;;;;
defence_2.69;+2 Defence;;;;;;;;;;;;;;
defence_2.70;+2 Defence;;;;;;;;;;;;;;
defence_2.71;+2 Defence;;;;;;;;;;;;;;
defence_2.72;+2 Defence;;;;;;;;;;;;;;
defence_2.73;+2 Defence;;;;;;;;;;;;;;
defence_2.74;+2 Defence;;;;;;;;;;;;;;
defence_2.75;+2 Defence;;;;;;;;;;;;;;
defence_2.76;+2 Defence;;;;;;;;;;;;;;
defence_2.77;+2 Defence;;;;;;;;;;;;;;
defence_2.78;+2 Defence;;;;;;;;;;;;;;
defence_2.79;+2 Defence;;;;;;;;;;;;;;
defence_2.80;+2 Defence;;;;;;;;;;;;;;
defence_2.81;+2 Defence;;;;;;;;;;;;;;
defence_2.82;+2 Defence;;;;;;;;;;;;;;
defence_2.83;+2 Defence;;;;;;;;;;;;;;
defence_2.84;+2 Defence;;;;;;;;;;;;;;
defence_2.85;+2 Defence;;;;;;;;;;;;;;
defence_2.86;+2 Defence;;;;;;;;;;;;;;
defence_2.87;+2 Defence;;;;;;;;;;;;;;
defence_2.88;+2 Defence;;;;;;;;;;;;;;
defence_2.89;+2 Defence;;;;;;;;;;;;;;
defence_2.90;+2 Defence;;;;;;;;;;;;;;
defence_2.91;+2 Defence;;;;;;;;;;;;;;
defence_2.92;+2 Defence;;;;;;;;;;;;;;
defence_2.93;+2 Defence;;;;;;;;;;;;;;
defence_2.94;+2 Defence;;;;;;;;;;;;;;
defence_2.95;+2 Defence;;;;;;;;;;;;;;
defence_2.96;+2 Defence;;;;;;;;;;;;;;
defence_2.97;+2 Defence;;;;;;;;;;;;;;
defence_2.98;+2 Defence;;;;;;;;;;;;;;
defence_2.99;+2 Defence;;;;;;;;;;;;;;
defence_2.100;+2 Defence;;;;;;;;;;;;;;
defence_3.1;§B+3 Defence;;;;;;;;;;;;;;
defence_3.2;§B+3 Defence;;;;;;;;;;;;;;
defence_3.3;§B+3 Defence;;;;;;;;;;;;;;
defence_3.4;§B+3 Defence;;;;;;;;;;;;;;
defence_3.5;§B+3 Defence;;;;;;;;;;;;;;
defence_3.6;§B+3 Defence;;;;;;;;;;;;;;
defence_3.7;§B+3 Defence;;;;;;;;;;;;;;
defence_3.8;§B+3 Defence;;;;;;;;;;;;;;
defence_3.9;§B+3 Defence;;;;;;;;;;;;;;
defence_3.10;§B+3 Defence;;;;;;;;;;;;;;
defence_3.11;§B+3 Defence;;;;;;;;;;;;;;
defence_3.12;§B+3 Defence;;;;;;;;;;;;;;
defence_3.13;§B+3 Defence;;;;;;;;;;;;;;
defence_3.14;§B+3 Defence;;;;;;;;;;;;;;
defence_3.15;§B+3 Defence;;;;;;;;;;;;;;
defence_3.16;§B+3 Defence;;;;;;;;;;;;;;
defence_3.17;§B+3 Defence;;;;;;;;;;;;;;
defence_3.18;§B+3 Defence;;;;;;;;;;;;;;
defence_3.19;§B+3 Defence;;;;;;;;;;;;;;
defence_3.20;§B+3 Defence;;;;;;;;;;;;;;
defence_4.1;§G+4 Defence;;;;;;;;;;;;;;
defence_4.2;§G+4 Defence;;;;;;;;;;;;;;
defence_4.3;§G+4 Defence;;;;;;;;;;;;;;
defence_4.4;§G+4 Defence;;;;;;;;;;;;;;
defence_5.1;§Y+5 Defence;;;;;;;;;;;;;;
attack_minus_1.1;§R-1 Attack;;;;;;;;;;;;;;
attack_minus_1.2;§R-1 Attack;;;;;;;;;;;;;;
attack_minus_1.3;§R-1 Attack;;;;;;;;;;;;;;
attack_minus_1.4;§R-1 Attack;;;;;;;;;;;;;;
attack_minus_1.5;§R-1 Attack;;;;;;;;;;;;;;
attack_minus_1.6;§R-1 Attack;;;;;;;;;;;;;;
attack_minus_1.7;§R-1 Attack;;;;;;;;;;;;;;
attack_minus_1.8;§R-1 Attack;;;;;;;;;;;;;;
attack_minus_1.9;§R-1 Attack;;;;;;;;;;;;;;
attack_minus_1.10;§R-1 Attack;;;;;;;;;;;;;;
attack_minus_1.11;§R-1 Attack;;;;;;;;;;;;;;
attack_minus_1.12;§R-1 Attack;;;;;;;;;;;;;;
attack_minus_1.13;§R-1 Attack;;;;;;;;;;;;;;
attack_minus_1.14;§R-1 Attack;;;;;;;;;;;;;;
attack_minus_1.15;§R-1 Attack;;;;;;;;;;;;;;
attack_minus_1.16;§R-1 Attack;;;;;;;;;;;;;;
attack_minus_1.17;§R-1 Attack;;;;;;;;;;;;;;
attack_minus_1.18;§R-1 Attack;;;;;;;;;;;;;;
attack_minus_1.19;§R-1 Attack;;;;;;;;;;;;;;
attack_minus_1.20;§R-1 Attack;;;;;;;;;;;;;;
attack_minus_1.21;§R-1 Attack;;;;;;;;;;;;;;
attack_minus_1.22;§R-1 Attack;;;;;;;;;;;;;;
attack_minus_1.23;§R-1 Attack;;;;;;;;;;;;;;
attack_minus_1.24;§R-1 Attack;;;;;;;;;;;;;;
attack_minus_1.25;§R-1 Attack;;;;;;;;;;;;;;
attack_minus_1.26;§R-1 Attack;;;;;;;;;;;;;;
attack_minus_1.27;§R-1 Attack;;;;;;;;;;;;;;
attack_minus_1.28;§R-1 Attack;;;;;;;;;;;;;;
attack_minus_1.29;§R-1 Attack;;;;;;;;;;;;;;
attack_minus_1.30;§R-1 Attack;;;;;;;;;;;;;;
attack_minus_1.31;§R-1 Attack;;;;;;;;;;;;;;
attack_minus_1.32;§R-1 Attack;;;;;;;;;;;;;;
attack_minus_1.33;§R-1 Attack;;;;;;;;;;;;;;
attack_minus_1.34;§R-1 Attack;;;;;;;;;;;;;;
attack_minus_1.35;§R-1 Attack;;;;;;;;;;;;;;
attack_minus_1.36;§R-1 Attack;;;;;;;;;;;;;;
attack_minus_1.37;§R-1 Attack;;;;;;;;;;;;;;
attack_minus_1.38;§R-1 Attack;;;;;;;;;;;;;;
attack_minus_1.39;§R-1 Attack;;;;;;;;;;;;;;
attack_minus_1.40;§R-1 Attack;;;;;;;;;;;;;;
attack_minus_1.41;§R-1 Attack;;;;;;;;;;;;;;
attack_minus_1.42;§R-1 Attack;;;;;;;;;;;;;;
attack_minus_1.43;§R-1 Attack;;;;;;;;;;;;;;
attack_minus_1.44;§R-1 Attack;;;;;;;;;;;;;;
attack_minus_1.45;§R-1 Attack;;;;;;;;;;;;;;
attack_minus_1.46;§R-1 Attack;;;;;;;;;;;;;;
attack_minus_1.47;§R-1 Attack;;;;;;;;;;;;;;
attack_minus_1.48;§R-1 Attack;;;;;;;;;;;;;;
attack_minus_1.49;§R-1 Attack;;;;;;;;;;;;;;
attack_minus_1.50;§R-1 Attack;;;;;;;;;;;;;;
attack_minus_1.51;§R-1 Attack;;;;;;;;;;;;;;
attack_minus_1.52;§R-1 Attack;;;;;;;;;;;;;;
attack_minus_1.53;§R-1 Attack;;;;;;;;;;;;;;
attack_minus_1.54;§R-1 Attack;;;;;;;;;;;;;;
attack_minus_1.55;§R-1 Attack;;;;;;;;;;;;;;
attack_minus_1.56;§R-1 Attack;;;;;;;;;;;;;;
attack_minus_1.57;§R-1 Attack;;;;;;;;;;;;;;
attack_minus_1.58;§R-1 Attack;;;;;;;;;;;;;;
attack_minus_1.59;§R-1 Attack;;;;;;;;;;;;;;
attack_minus_1.60;§R-1 Attack;;;;;;;;;;;;;;
attack_minus_1.61;§R-1 Attack;;;;;;;;;;;;;;
attack_minus_1.62;§R-1 Attack;;;;;;;;;;;;;;
attack_minus_1.63;§R-1 Attack;;;;;;;;;;;;;;
attack_minus_1.64;§R-1 Attack;;;;;;;;;;;;;;
attack_minus_1.65;§R-1 Attack;;;;;;;;;;;;;;
attack_minus_1.66;§R-1 Attack;;;;;;;;;;;;;;
attack_minus_1.67;§R-1 Attack;;;;;;;;;;;;;;
attack_minus_1.68;§R-1 Attack;;;;;;;;;;;;;;
attack_minus_1.69;§R-1 Attack;;;;;;;;;;;;;;
attack_minus_1.70;§R-1 Attack;;;;;;;;;;;;;;
attack_minus_1.71;§R-1 Attack;;;;;;;;;;;;;;
attack_minus_1.72;§R-1 Attack;;;;;;;;;;;;;;
attack_minus_1.73;§R-1 Attack;;;;;;;;;;;;;;
attack_minus_1.74;§R-1 Attack;;;;;;;;;;;;;;
attack_minus_1.75;§R-1 Attack;;;;;;;;;;;;;;
attack_minus_1.76;§R-1 Attack;;;;;;;;;;;;;;
attack_minus_1.77;§R-1 Attack;;;;;;;;;;;;;;
attack_minus_1.78;§R-1 Attack;;;;;;;;;;;;;;
attack_minus_1.79;§R-1 Attack;;;;;;;;;;;;;;
attack_minus_1.80;§R-1 Attack;;;;;;;;;;;;;;
attack_minus_1.81;§R-1 Attack;;;;;;;;;;;;;;
attack_minus_1.82;§R-1 Attack;;;;;;;;;;;;;;
attack_minus_1.83;§R-1 Attack;;;;;;;;;;;;;;
attack_minus_1.84;§R-1 Attack;;;;;;;;;;;;;;
attack_minus_1.85;§R-1 Attack;;;;;;;;;;;;;;
attack_minus_1.86;§R-1 Attack;;;;;;;;;;;;;;
attack_minus_1.87;§R-1 Attack;;;;;;;;;;;;;;
attack_minus_1.88;§R-1 Attack;;;;;;;;;;;;;;
attack_minus_1.89;§R-1 Attack;;;;;;;;;;;;;;
attack_minus_1.90;§R-1 Attack;;;;;;;;;;;;;;
attack_minus_1.91;§R-1 Attack;;;;;;;;;;;;;;
attack_minus_1.92;§R-1 Attack;;;;;;;;;;;;;;
attack_minus_1.93;§R-1 Attack;;;;;;;;;;;;;;
attack_minus_1.94;§R-1 Attack;;;;;;;;;;;;;;
attack_minus_1.95;§R-1 Attack;;;;;;;;;;;;;;
attack_minus_1.96;§R-1 Attack;;;;;;;;;;;;;;
attack_minus_1.97;§R-1 Attack;;;;;;;;;;;;;;
attack_minus_1.98;§R-1 Attack;;;;;;;;;;;;;;
attack_minus_1.99;§R-1 Attack;;;;;;;;;;;;;;
attack_minus_1.100;§R-1 Attack;;;;;;;;;;;;;;
attack_minus_1.101;§R-1 Attack;;;;;;;;;;;;;;
attack_minus_1.102;§R-1 Attack;;;;;;;;;;;;;;
attack_minus_1.103;§R-1 Attack;;;;;;;;;;;;;;
attack_minus_1.104;§R-1 Attack;;;;;;;;;;;;;;
attack_minus_1.105;§R-1 Attack;;;;;;;;;;;;;;
attack_minus_1.106;§R-1 Attack;;;;;;;;;;;;;;
attack_minus_1.107;§R-1 Attack;;;;;;;;;;;;;;
attack_minus_1.108;§R-1 Attack;;;;;;;;;;;;;;
attack_minus_1.109;§R-1 Attack;;;;;;;;;;;;;;
attack_minus_1.110;§R-1 Attack;;;;;;;;;;;;;;
attack_minus_1.111;§R-1 Attack;;;;;;;;;;;;;;
attack_minus_1.112;§R-1 Attack;;;;;;;;;;;;;;
attack_minus_1.113;§R-1 Attack;;;;;;;;;;;;;;
attack_minus_1.114;§R-1 Attack;;;;;;;;;;;;;;
attack_minus_1.115;§R-1 Attack;;;;;;;;;;;;;;
attack_minus_1.116;§R-1 Attack;;;;;;;;;;;;;;
attack_minus_1.117;§R-1 Attack;;;;;;;;;;;;;;
attack_minus_1.118;§R-1 Attack;;;;;;;;;;;;;;
attack_minus_1.119;§R-1 Attack;;;;;;;;;;;;;;
attack_minus_1.120;§R-1 Attack;;;;;;;;;;;;;;
attack_minus_1.121;§R-1 Attack;;;;;;;;;;;;;;
attack_minus_1.122;§R-1 Attack;;;;;;;;;;;;;;
attack_minus_1.123;§R-1 Attack;;;;;;;;;;;;;;
attack_minus_1.124;§R-1 Attack;;;;;;;;;;;;;;
attack_minus_1.125;§R-1 Attack;;;;;;;;;;;;;;
attack_minus_1.126;§R-1 Attack;;;;;;;;;;;;;;
attack_minus_1.127;§R-1 Attack;;;;;;;;;;;;;;
attack_minus_1.128;§R-1 Attack;;;;;;;;;;;;;;
attack_minus_1.129;§R-1 Attack;;;;;;;;;;;;;;
attack_minus_1.130;§R-1 Attack;;;;;;;;;;;;;;
attack_minus_1.131;§R-1 Attack;;;;;;;;;;;;;;
attack_minus_1.132;§R-1 Attack;;;;;;;;;;;;;;
attack_minus_1.133;§R-1 Attack;;;;;;;;;;;;;;
attack_minus_1.134;§R-1 Attack;;;;;;;;;;;;;;
attack_minus_1.135;§R-1 Attack;;;;;;;;;;;;;;
attack_minus_1.136;§R-1 Attack;;;;;;;;;;;;;;
attack_minus_1.137;§R-1 Attack;;;;;;;;;;;;;;
attack_minus_1.138;§R-1 Attack;;;;;;;;;;;;;;
attack_minus_1.139;§R-1 Attack;;;;;;;;;;;;;;
attack_minus_1.140;§R-1 Attack;;;;;;;;;;;;;;
attack_minus_1.141;§R-1 Attack;;;;;;;;;;;;;;
attack_minus_1.142;§R-1 Attack;;;;;;;;;;;;;;
attack_minus_1.143;§R-1 Attack;;;;;;;;;;;;;;
attack_minus_1.144;§R-1 Attack;;;;;;;;;;;;;;
attack_minus_1.145;§R-1 Attack;;;;;;;;;;;;;;
attack_minus_1.146;§R-1 Attack;;;;;;;;;;;;;;
attack_minus_1.147;§R-1 Attack;;;;;;;;;;;;;;
attack_minus_1.148;§R-1 Attack;;;;;;;;;;;;;;
attack_minus_1.149;§R-1 Attack;;;;;;;;;;;;;;
attack_minus_1.150;§R-1 Attack;;;;;;;;;;;;;;
attack_minus_1.151;§R-1 Attack;;;;;;;;;;;;;;
attack_minus_1.152;§R-1 Attack;;;;;;;;;;;;;;
attack_minus_1.153;§R-1 Attack;;;;;;;;;;;;;;
attack_minus_1.154;§R-1 Attack;;;;;;;;;;;;;;
attack_minus_1.155;§R-1 Attack;;;;;;;;;;;;;;
attack_minus_1.156;§R-1 Attack;;;;;;;;;;;;;;
attack_minus_1.157;§R-1 Attack;;;;;;;;;;;;;;
attack_minus_1.158;§R-1 Attack;;;;;;;;;;;;;;
attack_minus_1.159;§R-1 Attack;;;;;;;;;;;;;;
attack_minus_1.160;§R-1 Attack;;;;;;;;;;;;;;
attack_minus_1.161;§R-1 Attack;;;;;;;;;;;;;;
attack_minus_1.162;§R-1 Attack;;;;;;;;;;;;;;
attack_minus_1.163;§R-1 Attack;;;;;;;;;;;;;;
attack_minus_1.164;§R-1 Attack;;;;;;;;;;;;;;
attack_minus_1.165;§R-1 Attack;;;;;;;;;;;;;;
attack_minus_1.166;§R-1 Attack;;;;;;;;;;;;;;
attack_minus_1.167;§R-1 Attack;;;;;;;;;;;;;;
attack_minus_1.168;§R-1 Attack;;;;;;;;;;;;;;
attack_minus_1.169;§R-1 Attack;;;;;;;;;;;;;;
attack_minus_1.170;§R-1 Attack;;;;;;;;;;;;;;
attack_minus_1.171;§R-1 Attack;;;;;;;;;;;;;;
attack_minus_1.172;§R-1 Attack;;;;;;;;;;;;;;
attack_minus_1.173;§R-1 Attack;;;;;;;;;;;;;;
attack_minus_1.174;§R-1 Attack;;;;;;;;;;;;;;
attack_minus_1.175;§R-1 Attack;;;;;;;;;;;;;;
attack_minus_1.176;§R-1 Attack;;;;;;;;;;;;;;
attack_minus_1.177;§R-1 Attack;;;;;;;;;;;;;;
attack_minus_1.178;§R-1 Attack;;;;;;;;;;;;;;
attack_minus_1.179;§R-1 Attack;;;;;;;;;;;;;;
attack_minus_1.180;§R-1 Attack;;;;;;;;;;;;;;
attack_minus_1.181;§R-1 Attack;;;;;;;;;;;;;;
attack_minus_1.182;§R-1 Attack;;;;;;;;;;;;;;
attack_minus_1.183;§R-1 Attack;;;;;;;;;;;;;;
attack_minus_1.184;§R-1 Attack;;;;;;;;;;;;;;
attack_minus_1.185;§R-1 Attack;;;;;;;;;;;;;;
attack_minus_1.186;§R-1 Attack;;;;;;;;;;;;;;
attack_minus_1.187;§R-1 Attack;;;;;;;;;;;;;;
attack_minus_1.188;§R-1 Attack;;;;;;;;;;;;;;
attack_minus_1.189;§R-1 Attack;;;;;;;;;;;;;;
attack_minus_1.190;§R-1 Attack;;;;;;;;;;;;;;
attack_minus_1.191;§R-1 Attack;;;;;;;;;;;;;;
attack_minus_1.192;§R-1 Attack;;;;;;;;;;;;;;
attack_minus_1.193;§R-1 Attack;;;;;;;;;;;;;;
attack_minus_1.194;§R-1 Attack;;;;;;;;;;;;;;
attack_minus_1.195;§R-1 Attack;;;;;;;;;;;;;;
attack_minus_1.196;§R-1 Attack;;;;;;;;;;;;;;
attack_minus_1.197;§R-1 Attack;;;;;;;;;;;;;;
attack_minus_1.198;§R-1 Attack;;;;;;;;;;;;;;
attack_minus_1.199;§R-1 Attack;;;;;;;;;;;;;;
attack_minus_1.200;§R-1 Attack;;;;;;;;;;;;;;
attack_minus_2.1;§R-2 Attack;;;;;;;;;;;;;;
attack_minus_2.2;§R-2 Attack;;;;;;;;;;;;;;
attack_minus_2.3;§R-2 Attack;;;;;;;;;;;;;;
attack_minus_2.4;§R-2 Attack;;;;;;;;;;;;;;
attack_minus_2.5;§R-2 Attack;;;;;;;;;;;;;;
attack_minus_2.6;§R-2 Attack;;;;;;;;;;;;;;
attack_minus_2.7;§R-2 Attack;;;;;;;;;;;;;;
attack_minus_2.8;§R-2 Attack;;;;;;;;;;;;;;
attack_minus_2.9;§R-2 Attack;;;;;;;;;;;;;;
attack_minus_2.10;§R-2 Attack;;;;;;;;;;;;;;
attack_minus_2.11;§R-2 Attack;;;;;;;;;;;;;;
attack_minus_2.12;§R-2 Attack;;;;;;;;;;;;;;
attack_minus_2.13;§R-2 Attack;;;;;;;;;;;;;;
attack_minus_2.14;§R-2 Attack;;;;;;;;;;;;;;
attack_minus_2.15;§R-2 Attack;;;;;;;;;;;;;;
attack_minus_2.16;§R-2 Attack;;;;;;;;;;;;;;
attack_minus_2.17;§R-2 Attack;;;;;;;;;;;;;;
attack_minus_2.18;§R-2 Attack;;;;;;;;;;;;;;
attack_minus_2.19;§R-2 Attack;;;;;;;;;;;;;;
attack_minus_2.20;§R-2 Attack;;;;;;;;;;;;;;
attack_minus_2.21;§R-2 Attack;;;;;;;;;;;;;;
attack_minus_2.22;§R-2 Attack;;;;;;;;;;;;;;
attack_minus_2.23;§R-2 Attack;;;;;;;;;;;;;;
attack_minus_2.24;§R-2 Attack;;;;;;;;;;;;;;
attack_minus_2.25;§R-2 Attack;;;;;;;;;;;;;;
attack_minus_2.26;§R-2 Attack;;;;;;;;;;;;;;
attack_minus_2.27;§R-2 Attack;;;;;;;;;;;;;;
attack_minus_2.28;§R-2 Attack;;;;;;;;;;;;;;
attack_minus_2.29;§R-2 Attack;;;;;;;;;;;;;;
attack_minus_2.30;§R-2 Attack;;;;;;;;;;;;;;
attack_minus_2.31;§R-2 Attack;;;;;;;;;;;;;;
attack_minus_2.32;§R-2 Attack;;;;;;;;;;;;;;
attack_minus_2.33;§R-2 Attack;;;;;;;;;;;;;;
attack_minus_2.34;§R-2 Attack;;;;;;;;;;;;;;
attack_minus_2.35;§R-2 Attack;;;;;;;;;;;;;;
attack_minus_2.36;§R-2 Attack;;;;;;;;;;;;;;
attack_minus_2.37;§R-2 Attack;;;;;;;;;;;;;;
attack_minus_2.38;§R-2 Attack;;;;;;;;;;;;;;
attack_minus_2.39;§R-2 Attack;;;;;;;;;;;;;;
attack_minus_2.40;§R-2 Attack;;;;;;;;;;;;;;
attack_minus_2.41;§R-2 Attack;;;;;;;;;;;;;;
attack_minus_2.42;§R-2 Attack;;;;;;;;;;;;;;
attack_minus_2.43;§R-2 Attack;;;;;;;;;;;;;;
attack_minus_2.44;§R-2 Attack;;;;;;;;;;;;;;
attack_minus_2.45;§R-2 Attack;;;;;;;;;;;;;;
attack_minus_2.46;§R-2 Attack;;;;;;;;;;;;;;
attack_minus_2.47;§R-2 Attack;;;;;;;;;;;;;;
attack_minus_2.48;§R-2 Attack;;;;;;;;;;;;;;
attack_minus_2.49;§R-2 Attack;;;;;;;;;;;;;;
attack_minus_2.50;§R-2 Attack;;;;;;;;;;;;;;
attack_minus_2.51;§R-2 Attack;;;;;;;;;;;;;;
attack_minus_2.52;§R-2 Attack;;;;;;;;;;;;;;
attack_minus_2.53;§R-2 Attack;;;;;;;;;;;;;;
attack_minus_2.54;§R-2 Attack;;;;;;;;;;;;;;
attack_minus_2.55;§R-2 Attack;;;;;;;;;;;;;;
attack_minus_2.56;§R-2 Attack;;;;;;;;;;;;;;
attack_minus_2.57;§R-2 Attack;;;;;;;;;;;;;;
attack_minus_2.58;§R-2 Attack;;;;;;;;;;;;;;
attack_minus_2.59;§R-2 Attack;;;;;;;;;;;;;;
attack_minus_2.60;§R-2 Attack;;;;;;;;;;;;;;
attack_minus_2.61;§R-2 Attack;;;;;;;;;;;;;;
attack_minus_2.62;§R-2 Attack;;;;;;;;;;;;;;
attack_minus_2.63;§R-2 Attack;;;;;;;;;;;;;;
attack_minus_2.64;§R-2 Attack;;;;;;;;;;;;;;
attack_minus_2.65;§R-2 Attack;;;;;;;;;;;;;;
attack_minus_2.66;§R-2 Attack;;;;;;;;;;;;;;
attack_minus_2.67;§R-2 Attack;;;;;;;;;;;;;;
attack_minus_2.68;§R-2 Attack;;;;;;;;;;;;;;
attack_minus_2.69;§R-2 Attack;;;;;;;;;;;;;;
attack_minus_2.70;§R-2 Attack;;;;;;;;;;;;;;
attack_minus_2.71;§R-2 Attack;;;;;;;;;;;;;;
attack_minus_2.72;§R-2 Attack;;;;;;;;;;;;;;
attack_minus_2.73;§R-2 Attack;;;;;;;;;;;;;;
attack_minus_2.74;§R-2 Attack;;;;;;;;;;;;;;
attack_minus_2.75;§R-2 Attack;;;;;;;;;;;;;;
attack_minus_2.76;§R-2 Attack;;;;;;;;;;;;;;
attack_minus_2.77;§R-2 Attack;;;;;;;;;;;;;;
attack_minus_2.78;§R-2 Attack;;;;;;;;;;;;;;
attack_minus_2.79;§R-2 Attack;;;;;;;;;;;;;;
attack_minus_2.80;§R-2 Attack;;;;;;;;;;;;;;
attack_minus_2.81;§R-2 Attack;;;;;;;;;;;;;;
attack_minus_2.82;§R-2 Attack;;;;;;;;;;;;;;
attack_minus_2.83;§R-2 Attack;;;;;;;;;;;;;;
attack_minus_2.84;§R-2 Attack;;;;;;;;;;;;;;
attack_minus_2.85;§R-2 Attack;;;;;;;;;;;;;;
attack_minus_2.86;§R-2 Attack;;;;;;;;;;;;;;
attack_minus_2.87;§R-2 Attack;;;;;;;;;;;;;;
attack_minus_2.88;§R-2 Attack;;;;;;;;;;;;;;
attack_minus_2.89;§R-2 Attack;;;;;;;;;;;;;;
attack_minus_2.90;§R-2 Attack;;;;;;;;;;;;;;
attack_minus_2.91;§R-2 Attack;;;;;;;;;;;;;;
attack_minus_2.92;§R-2 Attack;;;;;;;;;;;;;;
attack_minus_2.93;§R-2 Attack;;;;;;;;;;;;;;
attack_minus_2.94;§R-2 Attack;;;;;;;;;;;;;;
attack_minus_2.95;§R-2 Attack;;;;;;;;;;;;;;
attack_minus_2.96;§R-2 Attack;;;;;;;;;;;;;;
attack_minus_2.97;§R-2 Attack;;;;;;;;;;;;;;
attack_minus_2.98;§R-2 Attack;;;;;;;;;;;;;;
attack_minus_2.99;§R-2 Attack;;;;;;;;;;;;;;
attack_minus_2.100;§R-2 Attack;;;;;;;;;;;;;;
attack_minus_3.1;§R-3 Attack;;;;;;;;;;;;;;
attack_minus_3.2;§R-3 Attack;;;;;;;;;;;;;;
attack_minus_3.3;§R-3 Attack;;;;;;;;;;;;;;
attack_minus_3.4;§R-3 Attack;;;;;;;;;;;;;;
attack_minus_3.5;§R-3 Attack;;;;;;;;;;;;;;
attack_minus_3.6;§R-3 Attack;;;;;;;;;;;;;;
attack_minus_3.7;§R-3 Attack;;;;;;;;;;;;;;
attack_minus_3.8;§R-3 Attack;;;;;;;;;;;;;;
attack_minus_3.9;§R-3 Attack;;;;;;;;;;;;;;
attack_minus_3.10;§R-3 Attack;;;;;;;;;;;;;;
attack_minus_3.11;§R-3 Attack;;;;;;;;;;;;;;
attack_minus_3.12;§R-3 Attack;;;;;;;;;;;;;;
attack_minus_3.13;§R-3 Attack;;;;;;;;;;;;;;
attack_minus_3.14;§R-3 Attack;;;;;;;;;;;;;;
attack_minus_3.15;§R-3 Attack;;;;;;;;;;;;;;
attack_minus_3.16;§R-3 Attack;;;;;;;;;;;;;;
attack_minus_3.17;§R-3 Attack;;;;;;;;;;;;;;
attack_minus_3.18;§R-3 Attack;;;;;;;;;;;;;;
attack_minus_3.19;§R-3 Attack;;;;;;;;;;;;;;
attack_minus_3.20;§R-3 Attack;;;;;;;;;;;;;;
attack_minus_4.1;§R-4 Attack;;;;;;;;;;;;;;
attack_minus_4.2;§R-4 Attack;;;;;;;;;;;;;;
attack_minus_4.3;§R-4 Attack;;;;;;;;;;;;;;
attack_minus_4.4;§R-4 Attack;;;;;;;;;;;;;;
attack_minus_5.1;§R-5 Attack;;;;;;;;;;;;;;
defence_minus_1.1;§R-1 Defence;;;;;;;;;;;;;;
defence_minus_1.2;§R-1 Defence;;;;;;;;;;;;;;
defence_minus_1.3;§R-1 Defence;;;;;;;;;;;;;;
defence_minus_1.4;§R-1 Defence;;;;;;;;;;;;;;
defence_minus_1.5;§R-1 Defence;;;;;;;;;;;;;;
defence_minus_1.6;§R-1 Defence;;;;;;;;;;;;;;
defence_minus_1.7;§R-1 Defence;;;;;;;;;;;;;;
defence_minus_1.8;§R-1 Defence;;;;;;;;;;;;;;
defence_minus_1.9;§R-1 Defence;;;;;;;;;;;;;;
defence_minus_1.10;§R-1 Defence;;;;;;;;;;;;;;
defence_minus_1.11;§R-1 Defence;;;;;;;;;;;;;;
defence_minus_1.12;§R-1 Defence;;;;;;;;;;;;;;
defence_minus_1.13;§R-1 Defence;;;;;;;;;;;;;;
defence_minus_1.14;§R-1 Defence;;;;;;;;;;;;;;
defence_minus_1.15;§R-1 Defence;;;;;;;;;;;;;;
defence_minus_1.16;§R-1 Defence;;;;;;;;;;;;;;
defence_minus_1.17;§R-1 Defence;;;;;;;;;;;;;;
defence_minus_1.18;§R-1 Defence;;;;;;;;;;;;;;
defence_minus_1.19;§R-1 Defence;;;;;;;;;;;;;;
defence_minus_1.20;§R-1 Defence;;;;;;;;;;;;;;
defence_minus_1.21;§R-1 Defence;;;;;;;;;;;;;;
defence_minus_1.22;§R-1 Defence;;;;;;;;;;;;;;
defence_minus_1.23;§R-1 Defence;;;;;;;;;;;;;;
defence_minus_1.24;§R-1 Defence;;;;;;;;;;;;;;
defence_minus_1.25;§R-1 Defence;;;;;;;;;;;;;;
defence_minus_1.26;§R-1 Defence;;;;;;;;;;;;;;
defence_minus_1.27;§R-1 Defence;;;;;;;;;;;;;;
defence_minus_1.28;§R-1 Defence;;;;;;;;;;;;;;
defence_minus_1.29;§R-1 Defence;;;;;;;;;;;;;;
defence_minus_1.30;§R-1 Defence;;;;;;;;;;;;;;
defence_minus_1.31;§R-1 Defence;;;;;;;;;;;;;;
defence_minus_1.32;§R-1 Defence;;;;;;;;;;;;;;
defence_minus_1.33;§R-1 Defence;;;;;;;;;;;;;;
defence_minus_1.34;§R-1 Defence;;;;;;;;;;;;;;
defence_minus_1.35;§R-1 Defence;;;;;;;;;;;;;;
defence_minus_1.36;§R-1 Defence;;;;;;;;;;;;;;
defence_minus_1.37;§R-1 Defence;;;;;;;;;;;;;;
defence_minus_1.38;§R-1 Defence;;;;;;;;;;;;;;
defence_minus_1.39;§R-1 Defence;;;;;;;;;;;;;;
defence_minus_1.40;§R-1 Defence;;;;;;;;;;;;;;
defence_minus_1.41;§R-1 Defence;;;;;;;;;;;;;;
defence_minus_1.42;§R-1 Defence;;;;;;;;;;;;;;
defence_minus_1.43;§R-1 Defence;;;;;;;;;;;;;;
defence_minus_1.44;§R-1 Defence;;;;;;;;;;;;;;
defence_minus_1.45;§R-1 Defence;;;;;;;;;;;;;;
defence_minus_1.46;§R-1 Defence;;;;;;;;;;;;;;
defence_minus_1.47;§R-1 Defence;;;;;;;;;;;;;;
defence_minus_1.48;§R-1 Defence;;;;;;;;;;;;;;
defence_minus_1.49;§R-1 Defence;;;;;;;;;;;;;;
defence_minus_1.50;§R-1 Defence;;;;;;;;;;;;;;
defence_minus_1.51;§R-1 Defence;;;;;;;;;;;;;;
defence_minus_1.52;§R-1 Defence;;;;;;;;;;;;;;
defence_minus_1.53;§R-1 Defence;;;;;;;;;;;;;;
defence_minus_1.54;§R-1 Defence;;;;;;;;;;;;;;
defence_minus_1.55;§R-1 Defence;;;;;;;;;;;;;;
defence_minus_1.56;§R-1 Defence;;;;;;;;;;;;;;
defence_minus_1.57;§R-1 Defence;;;;;;;;;;;;;;
defence_minus_1.58;§R-1 Defence;;;;;;;;;;;;;;
defence_minus_1.59;§R-1 Defence;;;;;;;;;;;;;;
defence_minus_1.60;§R-1 Defence;;;;;;;;;;;;;;
defence_minus_1.61;§R-1 Defence;;;;;;;;;;;;;;
defence_minus_1.62;§R-1 Defence;;;;;;;;;;;;;;
defence_minus_1.63;§R-1 Defence;;;;;;;;;;;;;;
defence_minus_1.64;§R-1 Defence;;;;;;;;;;;;;;
defence_minus_1.65;§R-1 Defence;;;;;;;;;;;;;;
defence_minus_1.66;§R-1 Defence;;;;;;;;;;;;;;
defence_minus_1.67;§R-1 Defence;;;;;;;;;;;;;;
defence_minus_1.68;§R-1 Defence;;;;;;;;;;;;;;
defence_minus_1.69;§R-1 Defence;;;;;;;;;;;;;;
defence_minus_1.70;§R-1 Defence;;;;;;;;;;;;;;
defence_minus_1.71;§R-1 Defence;;;;;;;;;;;;;;
defence_minus_1.72;§R-1 Defence;;;;;;;;;;;;;;
defence_minus_1.73;§R-1 Defence;;;;;;;;;;;;;;
defence_minus_1.74;§R-1 Defence;;;;;;;;;;;;;;
defence_minus_1.75;§R-1 Defence;;;;;;;;;;;;;;
defence_minus_1.76;§R-1 Defence;;;;;;;;;;;;;;
defence_minus_1.77;§R-1 Defence;;;;;;;;;;;;;;
defence_minus_1.78;§R-1 Defence;;;;;;;;;;;;;;
defence_minus_1.79;§R-1 Defence;;;;;;;;;;;;;;
defence_minus_1.80;§R-1 Defence;;;;;;;;;;;;;;
defence_minus_1.81;§R-1 Defence;;;;;;;;;;;;;;
defence_minus_1.82;§R-1 Defence;;;;;;;;;;;;;;
defence_minus_1.83;§R-1 Defence;;;;;;;;;;;;;;
defence_minus_1.84;§R-1 Defence;;;;;;;;;;;;;;
defence_minus_1.85;§R-1 Defence;;;;;;;;;;;;;;
defence_minus_1.86;§R-1 Defence;;;;;;;;;;;;;;
defence_minus_1.87;§R-1 Defence;;;;;;;;;;;;;;
defence_minus_1.88;§R-1 Defence;;;;;;;;;;;;;;
defence_minus_1.89;§R-1 Defence;;;;;;;;;;;;;;
defence_minus_1.90;§R-1 Defence;;;;;;;;;;;;;;
defence_minus_1.91;§R-1 Defence;;;;;;;;;;;;;;
defence_minus_1.92;§R-1 Defence;;;;;;;;;;;;;;
defence_minus_1.93;§R-1 Defence;;;;;;;;;;;;;;
defence_minus_1.94;§R-1 Defence;;;;;;;;;;;;;;
defence_minus_1.95;§R-1 Defence;;;;;;;;;;;;;;
defence_minus_1.96;§R-1 Defence;;;;;;;;;;;;;;
defence_minus_1.97;§R-1 Defence;;;;;;;;;;;;;;
defence_minus_1.98;§R-1 Defence;;;;;;;;;;;;;;
defence_minus_1.99;§R-1 Defence;;;;;;;;;;;;;;
defence_minus_1.100;§R-1 Defence;;;;;;;;;;;;;;
defence_minus_1.101;§R-1 Defence;;;;;;;;;;;;;;
defence_minus_1.102;§R-1 Defence;;;;;;;;;;;;;;
defence_minus_1.103;§R-1 Defence;;;;;;;;;;;;;;
defence_minus_1.104;§R-1 Defence;;;;;;;;;;;;;;
defence_minus_1.105;§R-1 Defence;;;;;;;;;;;;;;
defence_minus_1.106;§R-1 Defence;;;;;;;;;;;;;;
defence_minus_1.107;§R-1 Defence;;;;;;;;;;;;;;
defence_minus_1.108;§R-1 Defence;;;;;;;;;;;;;;
defence_minus_1.109;§R-1 Defence;;;;;;;;;;;;;;
defence_minus_1.110;§R-1 Defence;;;;;;;;;;;;;;
defence_minus_1.111;§R-1 Defence;;;;;;;;;;;;;;
defence_minus_1.112;§R-1 Defence;;;;;;;;;;;;;;
defence_minus_1.113;§R-1 Defence;;;;;;;;;;;;;;
defence_minus_1.114;§R-1 Defence;;;;;;;;;;;;;;
defence_minus_1.115;§R-1 Defence;;;;;;;;;;;;;;
defence_minus_1.116;§R-1 Defence;;;;;;;;;;;;;;
defence_minus_1.117;§R-1 Defence;;;;;;;;;;;;;;
defence_minus_1.118;§R-1 Defence;;;;;;;;;;;;;;
defence_minus_1.119;§R-1 Defence;;;;;;;;;;;;;;
defence_minus_1.120;§R-1 Defence;;;;;;;;;;;;;;
defence_minus_1.121;§R-1 Defence;;;;;;;;;;;;;;
defence_minus_1.122;§R-1 Defence;;;;;;;;;;;;;;
defence_minus_1.123;§R-1 Defence;;;;;;;;;;;;;;
defence_minus_1.124;§R-1 Defence;;;;;;;;;;;;;;
defence_minus_1.125;§R-1 Defence;;;;;;;;;;;;;;
defence_minus_1.126;§R-1 Defence;;;;;;;;;;;;;;
defence_minus_1.127;§R-1 Defence;;;;;;;;;;;;;;
defence_minus_1.128;§R-1 Defence;;;;;;;;;;;;;;
defence_minus_1.129;§R-1 Defence;;;;;;;;;;;;;;
defence_minus_1.130;§R-1 Defence;;;;;;;;;;;;;;
defence_minus_1.131;§R-1 Defence;;;;;;;;;;;;;;
defence_minus_1.132;§R-1 Defence;;;;;;;;;;;;;;
defence_minus_1.133;§R-1 Defence;;;;;;;;;;;;;;
defence_minus_1.134;§R-1 Defence;;;;;;;;;;;;;;
defence_minus_1.135;§R-1 Defence;;;;;;;;;;;;;;
defence_minus_1.136;§R-1 Defence;;;;;;;;;;;;;;
defence_minus_1.137;§R-1 Defence;;;;;;;;;;;;;;
defence_minus_1.138;§R-1 Defence;;;;;;;;;;;;;;
defence_minus_1.139;§R-1 Defence;;;;;;;;;;;;;;
defence_minus_1.140;§R-1 Defence;;;;;;;;;;;;;;
defence_minus_1.141;§R-1 Defence;;;;;;;;;;;;;;
defence_minus_1.142;§R-1 Defence;;;;;;;;;;;;;;
defence_minus_1.143;§R-1 Defence;;;;;;;;;;;;;;
defence_minus_1.144;§R-1 Defence;;;;;;;;;;;;;;
defence_minus_1.145;§R-1 Defence;;;;;;;;;;;;;;
defence_minus_1.146;§R-1 Defence;;;;;;;;;;;;;;
defence_minus_1.147;§R-1 Defence;;;;;;;;;;;;;;
defence_minus_1.148;§R-1 Defence;;;;;;;;;;;;;;
defence_minus_1.149;§R-1 Defence;;;;;;;;;;;;;;
defence_minus_1.150;§R-1 Defence;;;;;;;;;;;;;;
defence_minus_1.151;§R-1 Defence;;;;;;;;;;;;;;
defence_minus_1.152;§R-1 Defence;;;;;;;;;;;;;;
defence_minus_1.153;§R-1 Defence;;;;;;;;;;;;;;
defence_minus_1.154;§R-1 Defence;;;;;;;;;;;;;;
defence_minus_1.155;§R-1 Defence;;;;;;;;;;;;;;
defence_minus_1.156;§R-1 Defence;;;;;;;;;;;;;;
defence_minus_1.157;§R-1 Defence;;;;;;;;;;;;;;
defence_minus_1.158;§R-1 Defence;;;;;;;;;;;;;;
defence_minus_1.159;§R-1 Defence;;;;;;;;;;;;;;
defence_minus_1.160;§R-1 Defence;;;;;;;;;;;;;;
defence_minus_1.161;§R-1 Defence;;;;;;;;;;;;;;
defence_minus_1.162;§R-1 Defence;;;;;;;;;;;;;;
defence_minus_1.163;§R-1 Defence;;;;;;;;;;;;;;
defence_minus_1.164;§R-1 Defence;;;;;;;;;;;;;;
defence_minus_1.165;§R-1 Defence;;;;;;;;;;;;;;
defence_minus_1.166;§R-1 Defence;;;;;;;;;;;;;;
defence_minus_1.167;§R-1 Defence;;;;;;;;;;;;;;
defence_minus_1.168;§R-1 Defence;;;;;;;;;;;;;;
defence_minus_1.169;§R-1 Defence;;;;;;;;;;;;;;
defence_minus_1.170;§R-1 Defence;;;;;;;;;;;;;;
defence_minus_1.171;§R-1 Defence;;;;;;;;;;;;;;
defence_minus_1.172;§R-1 Defence;;;;;;;;;;;;;;
defence_minus_1.173;§R-1 Defence;;;;;;;;;;;;;;
defence_minus_1.174;§R-1 Defence;;;;;;;;;;;;;;
defence_minus_1.175;§R-1 Defence;;;;;;;;;;;;;;
defence_minus_1.176;§R-1 Defence;;;;;;;;;;;;;;
defence_minus_1.177;§R-1 Defence;;;;;;;;;;;;;;
defence_minus_1.178;§R-1 Defence;;;;;;;;;;;;;;
defence_minus_1.179;§R-1 Defence;;;;;;;;;;;;;;
defence_minus_1.180;§R-1 Defence;;;;;;;;;;;;;;
defence_minus_1.181;§R-1 Defence;;;;;;;;;;;;;;
defence_minus_1.182;§R-1 Defence;;;;;;;;;;;;;;
defence_minus_1.183;§R-1 Defence;;;;;;;;;;;;;;
defence_minus_1.184;§R-1 Defence;;;;;;;;;;;;;;
defence_minus_1.185;§R-1 Defence;;;;;;;;;;;;;;
defence_minus_1.186;§R-1 Defence;;;;;;;;;;;;;;
defence_minus_1.187;§R-1 Defence;;;;;;;;;;;;;;
defence_minus_1.188;§R-1 Defence;;;;;;;;;;;;;;
defence_minus_1.189;§R-1 Defence;;;;;;;;;;;;;;
defence_minus_1.190;§R-1 Defence;;;;;;;;;;;;;;
defence_minus_1.191;§R-1 Defence;;;;;;;;;;;;;;
defence_minus_1.192;§R-1 Defence;;;;;;;;;;;;;;
defence_minus_1.193;§R-1 Defence;;;;;;;;;;;;;;
defence_minus_1.194;§R-1 Defence;;;;;;;;;;;;;;
defence_minus_1.195;§R-1 Defence;;;;;;;;;;;;;;
defence_minus_1.196;§R-1 Defence;;;;;;;;;;;;;;
defence_minus_1.197;§R-1 Defence;;;;;;;;;;;;;;
defence_minus_1.198;§R-1 Defence;;;;;;;;;;;;;;
defence_minus_1.199;§R-1 Defence;;;;;;;;;;;;;;
defence_minus_1.200;§R-1 Defence;;;;;;;;;;;;;;
defence_minus_2.1;§R-2 Defence;;;;;;;;;;;;;;
defence_minus_2.2;§R-2 Defence;;;;;;;;;;;;;;
defence_minus_2.3;§R-2 Defence;;;;;;;;;;;;;;
defence_minus_2.4;§R-2 Defence;;;;;;;;;;;;;;
defence_minus_2.5;§R-2 Defence;;;;;;;;;;;;;;
defence_minus_2.6;§R-2 Defence;;;;;;;;;;;;;;
defence_minus_2.7;§R-2 Defence;;;;;;;;;;;;;;
defence_minus_2.8;§R-2 Defence;;;;;;;;;;;;;;
defence_minus_2.9;§R-2 Defence;;;;;;;;;;;;;;
defence_minus_2.10;§R-2 Defence;;;;;;;;;;;;;;
defence_minus_2.11;§R-2 Defence;;;;;;;;;;;;;;
defence_minus_2.12;§R-2 Defence;;;;;;;;;;;;;;
defence_minus_2.13;§R-2 Defence;;;;;;;;;;;;;;
defence_minus_2.14;§R-2 Defence;;;;;;;;;;;;;;
defence_minus_2.15;§R-2 Defence;;;;;;;;;;;;;;
defence_minus_2.16;§R-2 Defence;;;;;;;;;;;;;;
defence_minus_2.17;§R-2 Defence;;;;;;;;;;;;;;
defence_minus_2.18;§R-2 Defence;;;;;;;;;;;;;;
defence_minus_2.19;§R-2 Defence;;;;;;;;;;;;;;
defence_minus_2.20;§R-2 Defence;;;;;;;;;;;;;;
defence_minus_2.21;§R-2 Defence;;;;;;;;;;;;;;
defence_minus_2.22;§R-2 Defence;;;;;;;;;;;;;;
defence_minus_2.23;§R-2 Defence;;;;;;;;;;;;;;
defence_minus_2.24;§R-2 Defence;;;;;;;;;;;;;;
defence_minus_2.25;§R-2 Defence;;;;;;;;;;;;;;
defence_minus_2.26;§R-2 Defence;;;;;;;;;;;;;;
defence_minus_2.27;§R-2 Defence;;;;;;;;;;;;;;
defence_minus_2.28;§R-2 Defence;;;;;;;;;;;;;;
defence_minus_2.29;§R-2 Defence;;;;;;;;;;;;;;
defence_minus_2.30;§R-2 Defence;;;;;;;;;;;;;;
defence_minus_2.31;§R-2 Defence;;;;;;;;;;;;;;
defence_minus_2.32;§R-2 Defence;;;;;;;;;;;;;;
defence_minus_2.33;§R-2 Defence;;;;;;;;;;;;;;
defence_minus_2.34;§R-2 Defence;;;;;;;;;;;;;;
defence_minus_2.35;§R-2 Defence;;;;;;;;;;;;;;
defence_minus_2.36;§R-2 Defence;;;;;;;;;;;;;;
defence_minus_2.37;§R-2 Defence;;;;;;;;;;;;;;
defence_minus_2.38;§R-2 Defence;;;;;;;;;;;;;;
defence_minus_2.39;§R-2 Defence;;;;;;;;;;;;;;
defence_minus_2.40;§R-2 Defence;;;;;;;;;;;;;;
defence_minus_2.41;§R-2 Defence;;;;;;;;;;;;;;
defence_minus_2.42;§R-2 Defence;;;;;;;;;;;;;;
defence_minus_2.43;§R-2 Defence;;;;;;;;;;;;;;
defence_minus_2.44;§R-2 Defence;;;;;;;;;;;;;;
defence_minus_2.45;§R-2 Defence;;;;;;;;;;;;;;
defence_minus_2.46;§R-2 Defence;;;;;;;;;;;;;;
defence_minus_2.47;§R-2 Defence;;;;;;;;;;;;;;
defence_minus_2.48;§R-2 Defence;;;;;;;;;;;;;;
defence_minus_2.49;§R-2 Defence;;;;;;;;;;;;;;
defence_minus_2.50;§R-2 Defence;;;;;;;;;;;;;;
defence_minus_2.51;§R-2 Defence;;;;;;;;;;;;;;
defence_minus_2.52;§R-2 Defence;;;;;;;;;;;;;;
defence_minus_2.53;§R-2 Defence;;;;;;;;;;;;;;
defence_minus_2.54;§R-2 Defence;;;;;;;;;;;;;;
defence_minus_2.55;§R-2 Defence;;;;;;;;;;;;;;
defence_minus_2.56;§R-2 Defence;;;;;;;;;;;;;;
defence_minus_2.57;§R-2 Defence;;;;;;;;;;;;;;
defence_minus_2.58;§R-2 Defence;;;;;;;;;;;;;;
defence_minus_2.59;§R-2 Defence;;;;;;;;;;;;;;
defence_minus_2.60;§R-2 Defence;;;;;;;;;;;;;;
defence_minus_2.61;§R-2 Defence;;;;;;;;;;;;;;
defence_minus_2.62;§R-2 Defence;;;;;;;;;;;;;;
defence_minus_2.63;§R-2 Defence;;;;;;;;;;;;;;
defence_minus_2.64;§R-2 Defence;;;;;;;;;;;;;;
defence_minus_2.65;§R-2 Defence;;;;;;;;;;;;;;
defence_minus_2.66;§R-2 Defence;;;;;;;;;;;;;;
defence_minus_2.67;§R-2 Defence;;;;;;;;;;;;;;
defence_minus_2.68;§R-2 Defence;;;;;;;;;;;;;;
defence_minus_2.69;§R-2 Defence;;;;;;;;;;;;;;
defence_minus_2.70;§R-2 Defence;;;;;;;;;;;;;;
defence_minus_2.71;§R-2 Defence;;;;;;;;;;;;;;
defence_minus_2.72;§R-2 Defence;;;;;;;;;;;;;;
defence_minus_2.73;§R-2 Defence;;;;;;;;;;;;;;
defence_minus_2.74;§R-2 Defence;;;;;;;;;;;;;;
defence_minus_2.75;§R-2 Defence;;;;;;;;;;;;;;
defence_minus_2.76;§R-2 Defence;;;;;;;;;;;;;;
defence_minus_2.77;§R-2 Defence;;;;;;;;;;;;;;
defence_minus_2.78;§R-2 Defence;;;;;;;;;;;;;;
defence_minus_2.79;§R-2 Defence;;;;;;;;;;;;;;
defence_minus_2.80;§R-2 Defence;;;;;;;;;;;;;;
defence_minus_2.81;§R-2 Defence;;;;;;;;;;;;;;
defence_minus_2.82;§R-2 Defence;;;;;;;;;;;;;;
defence_minus_2.83;§R-2 Defence;;;;;;;;;;;;;;
defence_minus_2.84;§R-2 Defence;;;;;;;;;;;;;;
defence_minus_2.85;§R-2 Defence;;;;;;;;;;;;;;
defence_minus_2.86;§R-2 Defence;;;;;;;;;;;;;;
defence_minus_2.87;§R-2 Defence;;;;;;;;;;;;;;
defence_minus_2.88;§R-2 Defence;;;;;;;;;;;;;;
defence_minus_2.89;§R-2 Defence;;;;;;;;;;;;;;
defence_minus_2.90;§R-2 Defence;;;;;;;;;;;;;;
defence_minus_2.91;§R-2 Defence;;;;;;;;;;;;;;
defence_minus_2.92;§R-2 Defence;;;;;;;;;;;;;;
defence_minus_2.93;§R-2 Defence;;;;;;;;;;;;;;
defence_minus_2.94;§R-2 Defence;;;;;;;;;;;;;;
defence_minus_2.95;§R-2 Defence;;;;;;;;;;;;;;
defence_minus_2.96;§R-2 Defence;;;;;;;;;;;;;;
defence_minus_2.97;§R-2 Defence;;;;;;;;;;;;;;
defence_minus_2.98;§R-2 Defence;;;;;;;;;;;;;;
defence_minus_2.99;§R-2 Defence;;;;;;;;;;;;;;
defence_minus_2.100;§R-2 Defence;;;;;;;;;;;;;;
defence_minus_3.1;§R-3 Defence;;;;;;;;;;;;;;
defence_minus_3.2;§R-3 Defence;;;;;;;;;;;;;;
defence_minus_3.3;§R-3 Defence;;;;;;;;;;;;;;
defence_minus_3.4;§R-3 Defence;;;;;;;;;;;;;;
defence_minus_3.5;§R-3 Defence;;;;;;;;;;;;;;
defence_minus_3.6;§R-3 Defence;;;;;;;;;;;;;;
defence_minus_3.7;§R-3 Defence;;;;;;;;;;;;;;
defence_minus_3.8;§R-3 Defence;;;;;;;;;;;;;;
defence_minus_3.9;§R-3 Defence;;;;;;;;;;;;;;
defence_minus_3.10;§R-3 Defence;;;;;;;;;;;;;;
defence_minus_3.11;§R-3 Defence;;;;;;;;;;;;;;
defence_minus_3.12;§R-3 Defence;;;;;;;;;;;;;;
defence_minus_3.13;§R-3 Defence;;;;;;;;;;;;;;
defence_minus_3.14;§R-3 Defence;;;;;;;;;;;;;;
defence_minus_3.15;§R-3 Defence;;;;;;;;;;;;;;
defence_minus_3.16;§R-3 Defence;;;;;;;;;;;;;;
defence_minus_3.17;§R-3 Defence;;;;;;;;;;;;;;
defence_minus_3.18;§R-3 Defence;;;;;;;;;;;;;;
defence_minus_3.19;§R-3 Defence;;;;;;;;;;;;;;
defence_minus_3.20;§R-3 Defence;;;;;;;;;;;;;;
defence_minus_4.1;§R-4 Defence;;;;;;;;;;;;;;
defence_minus_4.2;§R-4 Defence;;;;;;;;;;;;;;
defence_minus_4.3;§R-4 Defence;;;;;;;;;;;;;;
defence_minus_4.4;§R-4 Defence;;;;;;;;;;;;;;
defence_minus_5.1;§R-5 Defence;;;;;;;;;;;;;;
national_idea1;§GNational Idea;;;;;;;;;;;;;;
national_idea1_desc;This invention unlocks another national idea.;;;;;;;;;;;;;;
national_idea1_invented;1 National Idea;;;;;;;;;;;;;;
national_idea2;§GNational Idea;;;;;;;;;;;;;;
national_idea2_desc;This invention unlocks another national idea.;;;;;;;;;;;;;;
national_idea2_invented;2 National Ideas;;;;;;;;;;;;;;
national_idea3;§GNational Idea;;;;;;;;;;;;;;
national_idea3_desc;This invention unlocks another national idea.;;;;;;;;;;;;;;
national_idea3_invented;3 National Ideas;;;;;;;;;;;;;;
national_idea4;§GNational Idea;;;;;;;;;;;;;;
national_idea4_desc;This invention unlocks another national idea.;;;;;;;;;;;;;;
national_idea4_invented;4 National Ideas;;;;;;;;;;;;;;
national_idea5;§GNational Idea;;;;;;;;;;;;;;
national_idea5_desc;This invention unlocks another national idea.;;;;;;;;;;;;;;
national_idea5_invented;5 National Ideas;;;;;;;;;;;;;;
national_idea6;§GNational Idea;;;;;;;;;;;;;;
national_idea6_desc;This invention unlocks another national idea.;;;;;;;;;;;;;;
national_idea6_invented;6 National Ideas;;;;;;;;;;;;;;
army_morale_idea;Army Morale National Idea;;;;;;;;;;;;;;
army_morale_idea_desc;This effect is additive, e.g. if your army morale is 200%, this will raise it to 225%.;;;;;;;;;;;;;;
army_organisation_idea;Army Organisation National Idea;;;;;;;;;;;;;;
army_organisation_idea_desc;This effect is multiplicative. The max organization of a land unit is (base organization of unit + army organization from techs) * (1 + land organization). An infantry brigade has a base organization of 30, so without any techs researched the max org it will have with this modifier is (30 + 0) * (1 + 0.2) = 36.;;;;;;;;;;;;;;
military_supplies;Military Supplies National Idea\n§WSupply Consumption §G-15%;;;;;;;;;;;;;;
military_supplies_desc;This reduces supply consumption for all units by 15%.;;;;;;;;;;;;;;
military_supplies_idea;Military Supplies National Idea;;;;;;;;;;;;;;
military_supplies_idea_desc;This gives -15% Supply Consumption Bonus. For example, if the base supply consumption of your armies is increased to 200% from techs, this will lower it to 170%.;;;;;;;;;;;;;;
military_hospitals_idea;Military Hospital Idea\n§WMilitary Hospitals: §G+20%;;;;;;;;;;;;;;
military_hospitals_idea_desc;This bonus reduces POP deaths from combat casualties to a rate of 1 to 0.208, down from a base rate of 1 to 0.25. POP deaths from combat casualties is calculated as SOLDIER_TO_POP_DAMAGE/(1 + military_hospital modifier). The base SOLDIER_TO_POP_DAMAGE in this mod is 0.25, so a military hospital modifier of 20% or 0.2, reduces POP deaths to 0.25/(1 + 0.2) = 0.208.;;;;;;;;;;;;;;
military_hospitals_idea_invention;Military Hospitals National Idea;;;;;;;;;;;;;;
military_hospitals_idea_invention_desc;This bonus reduces POP deaths from combat casualties to a rate of 1 to 0.208, down from a base rate of 1 to 0.25. POP deaths from combat casualties is calculated as SOLDIER_TO_POP_DAMAGE/(1 + military_hospital modifier). The base SOLDIER_TO_POP_DAMAGE in this mod is 0.25, so a military hospital modifier of 20% (0.2), reduces POP deaths to 0.25/(1 + 0.2) = 0.208.;;;;;;;;;;;;;;
army_experience_idea;Army Experience National Idea;;;;;;;;;;;;;;
army_experience_idea_desc;Each point of experience lowers the damage taken during combat at the same rate as one point of military tactics.;;;;;;;;;;;;;;
reinforce_rate_idea;Reinforce Rate Idea\n§WReinforcement: §G+15%;;;;;;;;;;;;;;
reinforce_rate_idea_desc;This bonus increases reinforce rate by +15%. No matter the reinforce rate however, your units' reinforce rate is multiplied by the amount of supplies they are getting, so if your armies aren't getting any supplies they won't reinforce even with a large reinforce rate bonus.;;;;;;;;;;;;;;
reinforce_rate_idea_invention;Reinforce Rate Idea;;;;;;;;;;;;;;
reinforce_rate_idea_invention_desc;Your units' reinforce rate is multiplied by the amount of supplies they are getting, so if your armies aren't getting any supplies they won't reinforce even with a large reinforce rate bonus.;;;;;;;;;;;;;;
leadership_idea;Leadership National Idea;;;;;;;;;;;;;;
leadership_idea_desc;Increased Monthly Base Leadership.;;;;;;;;;;;;;;
prestige_idea;Prestige National Idea;;;;;;;;;;;;;;
prestige_idea_desc;Increased Monthly Base Prestige.;;;;;;;;;;;;;;
navy_build_speed_idea;Navy Build Speed National Idea\n§WNavies: Build Time §G-30%\n§WLocal Ship Repair Speed: §G+50%;;;;;;;;;;;;;;
navy_build_speed_idea_desc;Base build time of ships is reduced by 30% and repair is 50% faster. The base build time reduction stacks with base build time reductions from port levels and other techs.;;;;;;;;;;;;;;
navy_build_speed_idea_modifier;Naval Build Speed National Idea;;;;;;;;;;;;;;
navy_organisation_idea;Navy Organisation National Idea;;;;;;;;;;;;;;
navy_organisation_idea_desc;This effect is multiplicative. The max organization of a naval unit is (base organization of unit + navy organization from techs) * (1 + navy organization). For example, a frigate has a base org of 30, and if it has +18 org from techs, the max org it will have with this modifier is (30 + 18) * (1 + 0.15) = 55.2.;;;;;;;;;;;;;;
expansion_idea;Expansion National Idea;;;;;;;;;;;;;;
expansion_idea_desc;Increased Monthly Infamy Decay.;;;;;;;;;;;;;;
assimilation_idea;Assimilation National Idea;;;;;;;;;;;;;;
assimilation_idea_desc;Assimilation rate is multiplied by the assimilation chance to determine the amount of assimilation in a POP. If either assimilation rate or chance is 0, or there is no assimilation target, then no assimilation will take place. POPs will never assimilate in a province they have a core in, so e.g. Romanian POPs in Romanian cored land won't assimilate but Romanian POPs in non Romanian land will assimilate.;;;;;;;;;;;;;;
farming_idea;Farming National Idea;;;;;;;;;;;;;;
farming_idea_desc;+Increased Farming Efficiency.;;;;;;;;;;;;;;
mining_idea;Mining National Idea;;;;;;;;;;;;;;
mining_idea_desc;Increased Mining Efficiency.;;;;;;;;;;;;;;
consumer_goods_idea;Consumer Goods National Idea;;;;;;;;;;;;;;
consumer_goods_idea_desc;Provides an output bonus to various factory produced consumer goods.;;;;;;;;;;;;;;
industrial_goods_idea;Industrial Goods National Idea;;;;;;;;;;;;;;
industrial_goods_idea_desc;Provides an output bonus to various factory produced industrial goods.;;;;;;;;;;;;;;
domestic_idea;Militancy Reduction National Idea;;;;;;;;;;;;;;
domestic_idea_desc;Gives a -0.03 militancy modifier reduction to all POPs.;;;;;;;;;;;;;;
education_idea;Education National Idea;;;;;;;;;;;;;;
education_idea_desc;Increased Education Efficiency.;;;;;;;;;;;;;;
province_selector;Province Selector;;;;;;;;;;;;;;;;;;;;;;;;;;;x
PS_unlocked;PS Building Unlocked;;;;;;;;;;;;;x
PS_unlocked_desc;You can now build Province Selector buildings.;;;;;;;;;;;;;x
zprovince_migration_reset_title;§RReset Province Migration;;;;;;;;;x;;;;
zprovince_migration_reset_desc;Removes all current province migration modifiers.;;;;;;;;;x;;;;
zstate_baby_boom_title;§GBaby Boom;;;;;;;;;x;;;;
zstate_baby_boom_desc;Gives a small baby boom modifier to the selected state and adds a 15 year cooldown timer. The duration is inversely proportional to the size of the state, e.g. a state with 90K population will have the modifier last 10x longer than a state with 900K population. Cannot be used on states above 1M population.;;;;;;;;;x;;;;
zstate_baby_boom_100k_title;§G0-100k State Population Baby Boom;;;;;;;;;x;;;;
zstate_baby_boom_100k_desc;Gives a small baby boom modifier to the selected state for 3000 days and adds a 15 year cooldown timer.;;;;;;;;;x;;;;
zstate_baby_boom_200k_title;§G100k-200k State Population Baby Boom;;;;;;;;;x;;;;
zstate_baby_boom_200k_desc;Gives a small baby boom modifier to the selected state for 2700 days and adds a 15 year cooldown timer.;;;;;;;;;x;;;;
zstate_baby_boom_300k_title;§G200k-300k State Population Baby Boom;;;;;;;;;x;;;;
zstate_baby_boom_300k_desc;Gives a small baby boom modifier to the selected state for 2400 days and adds a 15 year cooldown timer.;;;;;;;;;x;;;;
zstate_baby_boom_400k_title;§G300k-400k State Population Baby Boom;;;;;;;;;x;;;;
zstate_baby_boom_400k_desc;Gives a small baby boom modifier to the selected state for 2100 days and adds a 15 year cooldown timer.;;;;;;;;;x;;;;
zstate_baby_boom_500k_title;§G400k-500k State Population Baby Boom;;;;;;;;;x;;;;
zstate_baby_boom_500k_desc;Gives a small baby boom modifier to the selected state for 1800 days and adds a 15 year cooldown timer.;;;;;;;;;x;;;;
zstate_baby_boom_600k_title;§G500k-600k State Population Baby Boom;;;;;;;;;x;;;;
zstate_baby_boom_600k_desc;Gives a small baby boom modifier to the selected state for 1500 days and adds a 15 year cooldown timer.;;;;;;;;;x;;;;
zstate_baby_boom_700k_title;§G600k-700k State Population Baby Boom;;;;;;;;;x;;;;
zstate_baby_boom_700k_desc;Gives a small baby boom modifier to the selected state for 1200 days and adds a 15 year cooldown timer.;;;;;;;;;x;;;;
zstate_baby_boom_800k_title;§G700k-800k State Population Baby Boom;;;;;;;;;x;;;;
zstate_baby_boom_800k_desc;Gives a small baby boom modifier to the selected state for 900 days and adds a 15 year cooldown timer.;;;;;;;;;x;;;;
zstate_baby_boom_900k_title;§G800k-900k State Population Baby Boom;;;;;;;;;x;;;;
zstate_baby_boom_900k_desc;Gives a small baby boom modifier to the selected state for 600 days and adds a 15 year cooldown timer.;;;;;;;;;x;;;;
zstate_baby_boom_1M_title;§G900k-1M State Population Baby Boom;;;;;;;;;x;;;;
zstate_baby_boom_1M_desc;Gives a small baby boom modifier to the selected state for 300 days and adds a 15 year cooldown timer.;;;;;;;;;x;;;;
zprovince_mining_title;§GMine RGO Expansion.;;;;;;;;;x;;;;
zprovince_mining_desc;Gives a permanent boost to mine size to the selected province.;;;;;;;;;x;;;;
zprovince_mining_expansion_title;§GMine RGO Expansion.;;;;;;;;;x;;;;
zprovince_mining_expansion_desc;Gives a permanent boost to mine size to the selected province. Costs 250,000 pounds.;;;;;;;;;x;;;;
zprovince_large_mining_expansion_title;§GLarge Mine RGO Expansion.;;;;;;;;;x;;;;
zprovince_large_mining_expansion_desc;Gives a permanent boost to mine size to the selected province. Costs 750,000 pounds.;;;;;;;;;x;;;;
zprovince_agriculture_expansion_title;§GAgriculture RGO Expansion;;;;;;;;;x;;;;
zprovince_agriculture_expansion_desc;Gives a permanent boost to farm size to the selected province. Costs 100,000 pounds per every 100k POP in the province rounded up.;;;;;;;;;x;;;;
zprovince_agriculture_expansion_100k_title;§G0-100k Province Agriculture RGO Expansion.;;;;;;;;;x;;;;
zprovince_agriculture_expansion_100k_desc;Costs 100,000 pounds to give a permanent boost to farm size to the selected province.;;;;;;;;;x;;;;
zprovince_agriculture_expansion_200k_title;§G100k-200k Province Agriculture RGO Expansion.;;;;;;;;;x;;;;
zprovince_agriculture_expansion_200k_desc;Costs 200,000 pounds to give a permanent boost to farm size to the selected province.;;;;;;;;;x;;;;
zprovince_agriculture_expansion_300k_title;§G200k-300k Province Agriculture RGO Expansion.;;;;;;;;;x;;;;
zprovince_agriculture_expansion_300k_desc;Costs 300,000 pounds to give a permanent boost to farm size to the selected province.;;;;;;;;;x;;;;
zprovince_agriculture_expansion_400k_title;§G300k-400k Province Agriculture RGO Expansion.;;;;;;;;;x;;;;
zprovince_agriculture_expansion_400k_desc;Costs 400,000 pounds to give a permanent boost to farm size to the selected province.;;;;;;;;;x;;;;
zprovince_agriculture_expansion_500k_title;§G400k-500k Province Agriculture RGO Expansion.;;;;;;;;;x;;;;
zprovince_agriculture_expansion_500k_desc;Costs 500,000 pounds to give a permanent boost to farm size to the selected province.;;;;;;;;;x;;;;
zprovince_agriculture_expansion_600k_title;§G500k-600k Province Agriculture RGO Expansion.;;;;;;;;;x;;;;
zprovince_agriculture_expansion_600k_desc;Costs 600,000 pounds to give a permanent boost to farm size to the selected province.;;;;;;;;;x;;;;
zprovince_agriculture_expansion_700k_title;§G600k-700k Province Agriculture RGO Expansion.;;;;;;;;;x;;;;
zprovince_agriculture_expansion_700k_desc;Costs 700,000 pounds to give a permanent boost to farm size to the selected province.;;;;;;;;;x;;;;
zprovince_agriculture_expansion_800k_title;§G700k-800k Province Agriculture RGO Expansion.;;;;;;;;;x;;;;
zprovince_agriculture_expansion_800k_desc;Costs 800,000 pounds to give a permanent boost to farm size to the selected province.;;;;;;;;;x;;;;
zprovince_agriculture_expansion_900k_title;§G800k-900k Province Agriculture RGO Expansion.;;;;;;;;;x;;;;
zprovince_agriculture_expansion_800k_desc;Costs 900,000 pounds to give a permanent boost to farm size to the selected province.;;;;;;;;;x;;;;
zprovince_agriculture_expansion_1M_title;§G900k-1M Province Agriculture RGO Expansion.;;;;;;;;;x;;;;
zprovince_agriculture_expansion_1M_desc;Costs 1,000,000 pounds to give a permanent boost to farm size to the selected province.;;;;;;;;;x;;;;
zprovince_agriculture_expansion_1M+_title;§G1M+ Province Agriculture RGO Expansion.;;;;;;;;;x;;;;
zprovince_agriculture_expansion_1M+_desc;Costs 1,500,000 pounds to give a permanent boost to farm size to the selected province.;;;;;;;;;x;;;;
zstate_agriculture_expansion_500k_title;§G0-500k State Agriculture RGO Expansion;;;;;;;;;x;;;;
zstate_agriculture_expansion_500k_desc;Costs 500,000 pounds to give a permanent boost to farm size to every province in the selected state.;;;;;;;;;x;;;;
zstate_agriculture_expansion_1M_title;§G500k-1M State Agriculture RGO Expansion;;;;;;;;;x;;;;
zstate_agriculture_expansion_1M_desc;Costs 1,000,000 pounds to give a permanent boost to farm size to every province in the selected state.;;;;;;;;;x;;;;
zstate_agriculture_expansion_2M_title;§G1M-2M State Agriculture RGO Expansion;;;;;;;;;x;;;;
zstate_agriculture_expansion_2M_desc;Costs 2,000,000 pounds to give a permanent boost to farm size to every province in the selected state.;;;;;;;;;x;;;;
zstate_agriculture_expansion_4M_title;§G2M-4M State Agriculture RGO Expansion;;;;;;;;;x;;;;
zstate_agriculture_expansion_4M_desc;Costs 4,000,000 pounds to give a permanent boost to farm size to every province in the selected state.;;;;;;;;;x;;;;
zstate_agriculture_expansion_4M+_title;§G4M+ State Agriculture RGO Expansion;;;;;;;;;x;;;;
zstate_agriculture_expansion_4M+_desc;Costs 6,000,000 pounds to give a permanent boost to farm size to every province in the selected state.;;;;;;;;;x;;;;
zprovince_blood_and_iron_title;§GBlood and Iron RGO.;;;;;;;;;x;;;;
zprovince_blood_and_iron_desc;Gives a permanent RGO efficiency bonus and +0.03 militancy modifier to the selected province. Cannot use on gold mines and has a 10 year cooldown.;;;;;;;;;x;;;;
zprovince_rgo_change_agriculture_title;§GChange Agricultural RGO;;;;;;;;;x;;;;
zprovince_rgo_change_agriculture_desc;Allows the switching of RGO in a province to the following types: Grain, Fruit, Cattle, Wool, Cotton, Opium, Dye, Silk, Coffee Beans, Tea Leaves, or Tobacco. Gives a 50% output and 50% throughput debuff for 15 years. Costs 100k pounds per every 100k POP in the province rounded up.;;;;;;;;;x;;;;
zprovince_rgo_change_agriculture_100k_title;§G0-100k Province Change Agriculture RGO.;;;;;;;;;x;;;;
zprovince_rgo_change_agriculture_100k_desc;Choose one of the following types: Grain, Fruit, Cattle, Wool, Cotton, Opium, Dye, Silk, Coffee Beans, Tea Leaves, or Tobacco. Gives a 50% output and 50% throughput debuff for 15 years.;;;;;;;;;x;;;;
zprovince_rgo_change_agriculture_200k_title;§G100k-200k Province Change Agriculture RGO.;;;;;;;;;x;;;;
zprovince_rgo_change_agriculture_200k_desc;Choose one of the following types: Grain, Fruit, Cattle, Wool, Cotton, Opium, Dye, Silk, Coffee Beans, Tea Leaves, or Tobacco. Gives a 50% output and 50% throughput debuff for 15 years.;;;;;;;;;x;;;;
zprovince_rgo_change_agriculture_300k_title;§G200k-300k Province Change Agriculture RGO.;;;;;;;;;x;;;;
zprovince_rgo_change_agriculture_300k_desc;Choose one of the following types: Grain, Fruit, Cattle, Wool, Cotton, Opium, Dye, Silk, Coffee Beans, Tea Leaves, or Tobacco. Gives a 50% output and 50% throughput debuff for 15 years.;;;;;;;;;x;;;;
zprovince_rgo_change_agriculture_400k_title;§G300k-400k Province Change Agriculture RGO.;;;;;;;;;x;;;;
zprovince_rgo_change_agriculture_400k_desc;Choose one of the following types: Grain, Fruit, Cattle, Wool, Cotton, Opium, Dye, Silk, Coffee Beans, Tea Leaves, or Tobacco. Gives a 50% output and 50% throughput debuff for 15 years.;;;;;;;;;x;;;;
zprovince_rgo_change_agriculture_500k_title;§G400k-500k Province Change Agriculture RGO.;;;;;;;;;x;;;;
zprovince_rgo_change_agriculture_500k_desc;Choose one of the following types: Grain, Fruit, Cattle, Wool, Cotton, Opium, Dye, Silk, Coffee Beans, Tea Leaves, or Tobacco. Gives a 50% output and 50% throughput debuff for 15 years.;;;;;;;;;x;;;;
zprovince_rgo_change_agriculture_600k_title;§G500k-600k Province Change Agriculture RGO.;;;;;;;;;x;;;;
zprovince_rgo_change_agriculture_600k_desc;Choose one of the following types: Grain, Fruit, Cattle, Wool, Cotton, Opium, Dye, Silk, Coffee Beans, Tea Leaves, or Tobacco. Gives a 50% output and 50% throughput debuff for 15 years.;;;;;;;;;x;;;;
zprovince_rgo_change_agriculture_700k_title;§G600k-700k Province Change Agriculture RGO.;;;;;;;;;x;;;;
zprovince_rgo_change_agriculture_700k_desc;Choose one of the following types: Grain, Fruit, Cattle, Wool, Cotton, Opium, Dye, Silk, Coffee Beans, Tea Leaves, or Tobacco. Gives a 50% output and 50% throughput debuff for 15 years.;;;;;;;;;x;;;;
zprovince_rgo_change_agriculture_800k_title;§G700k-800k Province Change Agriculture RGO.;;;;;;;;;x;;;;
zprovince_rgo_change_agriculture_800k_desc;Choose one of the following types: Grain, Fruit, Cattle, Wool, Cotton, Opium, Dye, Silk, Coffee Beans, Tea Leaves, or Tobacco. Gives a 50% output and 50% throughput debuff for 15 years.;;;;;;;;;x;;;;
zprovince_rgo_change_agriculture_900k_title;§G800k-900k Province Change Agriculture RGO.;;;;;;;;;x;;;;
zprovince_rgo_change_agriculture_900k_desc;Choose one of the following types: Grain, Fruit, Cattle, Wool, Cotton, Opium, Dye, Silk, Coffee Beans, Tea Leaves, or Tobacco. Gives a 50% output and 50% throughput debuff for 15 years.;;;;;;;;;x;;;;
zprovince_rgo_change_agriculture_1M_title;§G900k-1M Province Change Agriculture RGO.;;;;;;;;;x;;;;
zprovince_rgo_change_agriculture_1M_desc;Choose one of the following types: Grain, Fruit, Cattle, Wool, Cotton, Opium, Dye, Silk, Coffee Beans, Tea Leaves, or Tobacco. Gives a 50% output and 50% throughput debuff for 15 years.;;;;;;;;;x;;;;
zprovince_rgo_change_agriculture_1.2M_title;§G1M-1.2M Province Change Agriculture RGO.;;;;;;;;;x;;;;
zprovince_rgo_change_agriculture_1.2M_desc;Choose one of the following types: Grain, Fruit, Cattle, Wool, Cotton, Opium, Dye, Silk, Coffee Beans, Tea Leaves, or Tobacco. Gives a 50% output and 50% throughput debuff for 15 years.;;;;;;;;;x;;;;
zprovince_rgo_change_agriculture_1.4M_title;§G1.2M-1.4M Province Change Agriculture RGO.;;;;;;;;;x;;;;
zprovince_rgo_change_agriculture_1.4M_desc;Choose one of the following types: Grain, Fruit, Cattle, Wool, Cotton, Opium, Dye, Silk, Coffee Beans, Tea Leaves, or Tobacco. Gives a 50% output and 50% throughput debuff for 15 years.;;;;;;;;;x;;;;
zprovince_rgo_change_agriculture_1.6M_title;§G1.4M-1.6M Province Change Agriculture RGO.;;;;;;;;;x;;;;
zprovince_rgo_change_agriculture_1.6M_desc;Choose one of the following types: Grain, Fruit, Cattle, Wool, Cotton, Opium, Dye, Silk, Coffee Beans, Tea Leaves, or Tobacco. Gives a 50% output and 50% throughput debuff for 15 years.;;;;;;;;;x;;;;
zprovince_rgo_change_agriculture_1.8M_title;§G1.6M-1.8M Province Change Agriculture RGO.;;;;;;;;;x;;;;
zprovince_rgo_change_agriculture_1.8M_desc;Choose one of the following types: Grain, Fruit, Cattle, Wool, Cotton, Opium, Dye, Silk, Coffee Beans, Tea Leaves, or Tobacco. Gives a 50% output and 50% throughput debuff for 15 years.;;;;;;;;;x;;;;
zprovince_rgo_change_agriculture_2M_title;§G1.8M-2M Province Change Agriculture RGO.;;;;;;;;;x;;;;
zprovince_rgo_change_agriculture_2M_desc;Choose one of the following types: Grain, Fruit, Cattle, Wool, Cotton, Opium, Dye, Silk, Coffee Beans, Tea Leaves, or Tobacco. Gives a 50% output and 50% throughput debuff for 15 years.;;;;;;;;;x;;;;
zprovince_rgo_change_agriculture_2M+_title;§G2M+ Province Change Agriculture RGO.;;;;;;;;;x;;;;
zprovince_rgo_change_agriculture_2M+_desc;Choose one of the following types: Grain, Fruit, Cattle, Wool, Cotton, Opium, Dye, Silk, Coffee Beans, Tea Leaves, or Tobacco. Gives a 50% output and 50% throughput debuff for 15 years.;;;;;;;;;x;;;;
zprovince_establish_financial_center_title;Establish Financial Center;;;;;;;;;x;;;;
zprovince_establish_financial_center_desc;Changes the selected province's trade good to precious metal to represent the new financial hub of your country. Can only use this decision once and it must be on core territory.;;;;;;;;;x;;;;
zzreset_province_selector_title;§RReset Province Selector;;;;;;;;;x;;;;
zzreset_province_selector_desc;Destroys all currently built province selectors.;;;;;;;;;x;;;;
zcreate_supply_depot_title;§GCreate Supply Depot;;;;;;;;;;;;;x
zcreate_supply_depot_desc;A province with a supply depot will reduce attrition to 0 regardless of supply cap and should be used as a rallying point for mobilized troops. You can only have one supply depot at a time, it must not be overseas, and if a battle occurs in a province with a supply depot or the province is occupied by an enemy army it will be destroyed.;;;;;;;;;;;;;x
zdismantle_supply_depot_title;§RDismantle Supply Depot;;;;;;;;;;;;;x
zdismantle_supply_depot_desc;Removes the Supply Depot modifier from all provinces.;;;;;;;;;;;;;x
supply_depot;Supply Depot;;;;;;;;;;;;;x
supply_depot_destroyed;Supply Depot Recently Destroyed;;;;;;;;;;;;;x
supply_depot_destroyed_desc;We require time to procure new supplies before we can build another supply depot.;;;;;;;;;;;;;x
EVTNAME91320;Supply Depot Destroyed;;;;;;;;;;;;;x
EVTDESC91320;Our supply depot in $PROVINCENAME$ has been destroyed in the recent fighting.;;;;;;;;;;;;;x
EVTOPTA91320;Damn!;;;;;;;;;;;;;x
zprovince_migration_title;§GMigration Attraction;;;;;;;;;x;;;;
zprovince_migration_desc;Gives a large bonus to migration to the targeted state. This decision does not increase the chance of receiving immigrants from other countries, it only redirects them to the targetted state. If a province has more than 5% RGO unemployment then the modifier will stop working in that province.;;;;;;;;;x;;;;
zprovince_migration_new_world_title;§GMigration Attraction;;;;;;;;;x;;;;
zprovince_migration_new_world_desc;Gives a large bonus to migration to the targeted state. This decision does not increase the chance of receiving immigrants from other countries, it only redirects them to the targetted state. If a province has more than 5% RGO unemployment then the modifier will stop working in that province.;;;;;;;;;x;;;;
zstate_literacy_campaign_title;§GLiteracy Campaign;;;;;;;;;x;;;;
zstate_literacy_campaign_desc;Increases the literacy of the selected state at the cost of 100,000 pounds per every 100k population in the state rounded up. <20% literacy POPs will get a 10% boost, 20-40% get 8%, 40-60% get 6%, 60-80% get 4%, 80%+ get 2%. Can only use once on the same state every 15 years.;;;;;;;;;x;;;;
zstate_literacy_campaign_100k_title;§G0-100k State Literacy Campaign;;;;;;;;;x;;;;
zstate_literacy_campaign_100k_desc;Costs 100,000 pounds to increase the literacy of POPs in the selected state based on a sliding scale. <20% literacy POPs will get a 10% boost, 20-40% get 8%, 40-60% get 6%, 60-80% get 4%, 80%+ get 2%. adds a 15 year cooldown timer for that state.;;;;;;;;;x;;;;
zstate_literacy_campaign_200k_title;§G100k-200k State Literacy Campaign;;;;;;;;;x;;;;
zstate_literacy_campaign_200k_desc;Costs 200,000 pounds to increase the literacy of POPs in the selected state based on a sliding scale. <20% literacy POPs will get a 10% boost, 20-40% get 8%, 40-60% get 6%, 60-80% get 4%, 80%+ get 2%. adds a 15 year cooldown timer for that state.;;;;;;;;;x;;;;
zstate_literacy_campaign_300k_title;§G200k-300k State Literacy Campaign;;;;;;;;;x;;;;
zstate_literacy_campaign_300k_desc;Costs 300,000 pounds to increase the literacy of POPs in the selected state based on a sliding scale. <20% literacy POPs will get a 10% boost, 20-40% get 8%, 40-60% get 6%, 60-80% get 4%, 80%+ get 2%. adds a 15 year cooldown timer for that state.;;;;;;;;;x;;;;
zstate_literacy_campaign_400k_title;§G300k-400k State Literacy Campaign;;;;;;;;;x;;;;
zstate_literacy_campaign_400k_desc;Costs 400,000 pounds to increase the literacy of POPs in the selected state based on a sliding scale. <20% literacy POPs will get a 10% boost, 20-40% get 8%, 40-60% get 6%, 60-80% get 4%, 80%+ get 2%. adds a 15 year cooldown timer for that state.;;;;;;;;;x;;;;
zstate_literacy_campaign_500k_title;§G400k-500k State Literacy Campaign;;;;;;;;;x;;;;
zstate_literacy_campaign_500k_desc;Costs 500,000 pounds to increase the literacy of POPs in the selected state based on a sliding scale. <20% literacy POPs will get a 10% boost, 20-40% get 8%, 40-60% get 6%, 60-80% get 4%, 80%+ get 2%. adds a 15 year cooldown timer for that state.;;;;;;;;;x;;;;
zstate_literacy_campaign_600k_title;§G500k-600k State Literacy Campaign;;;;;;;;;x;;;;
zstate_literacy_campaign_600k_desc;Costs 600,000 pounds to increase the literacy of POPs in the selected state based on a sliding scale. <20% literacy POPs will get a 10% boost, 20-40% get 8%, 40-60% get 6%, 60-80% get 4%, 80%+ get 2%. adds a 15 year cooldown timer for that state.;;;;;;;;;x;;;;
zstate_literacy_campaign_700k_title;§G600k-700k State Literacy Campaign;;;;;;;;;x;;;;
zstate_literacy_campaign_700k_desc;Costs 700,000 pounds to increase the literacy of POPs in the selected state based on a sliding scale. <20% literacy POPs will get a 10% boost, 20-40% get 8%, 40-60% get 6%, 60-80% get 4%, 80%+ get 2%. adds a 15 year cooldown timer for that state.;;;;;;;;;x;;;;
zstate_literacy_campaign_800k_title;§G700k-800k State Literacy Campaign;;;;;;;;;x;;;;
zstate_literacy_campaign_800k_desc;Costs 800,000 pounds to increase the literacy of POPs in the selected state based on a sliding scale. <20% literacy POPs will get a 10% boost, 20-40% get 8%, 40-60% get 6%, 60-80% get 4%, 80%+ get 2%. adds a 15 year cooldown timer for that state.;;;;;;;;;x;;;;
zstate_literacy_campaign_900k_title;§G800k-900k State Literacy Campaign;;;;;;;;;x;;;;
zstate_literacy_campaign_900k_desc;Costs 900,000 pounds to increase the literacy of POPs in the selected state based on a sliding scale. <20% literacy POPs will get a 10% boost, 20-40% get 8%, 40-60% get 6%, 60-80% get 4%, 80%+ get 2%. adds a 15 year cooldown timer for that state.;;;;;;;;;x;;;;
zstate_literacy_campaign_1M_title;§G900k-1M State Literacy Campaign;;;;;;;;;x;;;;
zstate_literacy_campaign_1M_desc;Costs 1,000,000 pounds to increase the literacy of the selected state by 10% and adds a 15 year cooldown timer for that state.;;;;;;;;;x;;;;
zstate_literacy_campaign_1.2M_title;§G1M-1.2M State Literacy Campaign;;;;;;;;;x;;;;
zstate_literacy_campaign_1.2M_desc;Costs 1,200,000 pounds to increase the literacy of POPs in the selected state based on a sliding scale. <20% literacy POPs will get a 10% boost, 20-40% get 8%, 40-60% get 6%, 60-80% get 4%, 80%+ get 2%. adds a 15 year cooldown timer for that state.;;;;;;;;;x;;;;
zstate_literacy_campaign_1.4M_title;§G1.2M-1.4M State Literacy Campaign;;;;;;;;;x;;;;
zstate_literacy_campaign_1.4M_desc;Costs 1,400,000 pounds to increase the literacy of POPs in the selected state based on a sliding scale. <20% literacy POPs will get a 10% boost, 20-40% get 8%, 40-60% get 6%, 60-80% get 4%, 80%+ get 2%. adds a 15 year cooldown timer for that state.;;;;;;;;;x;;;;
zstate_literacy_campaign_1.6M_title;§G1.4M-1.6M State Literacy Campaign;;;;;;;;;x;;;;
zstate_literacy_campaign_1.6M_desc;Costs 1,600,000 pounds to increase the literacy of POPs in the selected state based on a sliding scale. <20% literacy POPs will get a 10% boost, 20-40% get 8%, 40-60% get 6%, 60-80% get 4%, 80%+ get 2%. adds a 15 year cooldown timer for that state.;;;;;;;;;x;;;;
zstate_literacy_campaign_1.8M_title;§G1.6M-1.8M State Literacy Campaign;;;;;;;;;x;;;;
zstate_literacy_campaign_1.8M_desc;Costs 1,800,000 pounds to increase the literacy of POPs in the selected state based on a sliding scale. <20% literacy POPs will get a 10% boost, 20-40% get 8%, 40-60% get 6%, 60-80% get 4%, 80%+ get 2%. adds a 15 year cooldown timer for that state.;;;;;;;;;x;;;;
zstate_literacy_campaign_2M_title;§G1.8M-2M State Literacy Campaign;;;;;;;;;x;;;;
zstate_literacy_campaign_2M_desc;Costs 2,000,000 pounds to increase the literacy of POPs in the selected state based on a sliding scale. <20% literacy POPs will get a 10% boost, 20-40% get 8%, 40-60% get 6%, 60-80% get 4%, 80%+ get 2%. adds a 15 year cooldown timer for that state..;;;;;;;;;x;;;;
zstate_literacy_campaign_2.5M_title;§G2M-2.5M State Literacy Campaign;;;;;;;;;x;;;;
zstate_literacy_campaign_2.5M_desc;Costs 2,500,000 pounds to increase the literacy of POPs in the selected state based on a sliding scale. <20% literacy POPs will get a 10% boost, 20-40% get 8%, 40-60% get 6%, 60-80% get 4%, 80%+ get 2%. adds a 15 year cooldown timer for that state.;;;;;;;;;x;;;;
zstate_literacy_campaign_3M_title;§G2.5M-3M State Literacy Campaign;;;;;;;;;x;;;;
zstate_literacy_campaign_3M_desc;Costs 3,000,000 pounds to increase the literacy of POPs in the selected state based on a sliding scale. <20% literacy POPs will get a 10% boost, 20-40% get 8%, 40-60% get 6%, 60-80% get 4%, 80%+ get 2%. adds a 15 year cooldown timer for that state.;;;;;;;;;x;;;;
zstate_literacy_campaign_3M+_title;§G3M+ State Literacy Campaign;;;;;;;;;x;;;;
zstate_literacy_campaign_3M+_desc;Costs 4,000,000 pounds to increase the literacy of the selected state by 10% and adds a 15 year cooldown timer for that state.;;;;;;;;;x;;;;
literacy_campaign;Literacy Campaign;;;;;;;;;x;;;;
economic_thought_and_critique;National Ideas;;;;;;;;;;;;;
early_classical_theory_and_critique;Unlock Province Selector;;;;;;;;;;;;;
late_classical_theory;1st National Idea;;;;;;;;;;;;;
collectivist_theory;2nd National Idea;;;;;;;;;;;;;
the_historical_theory;3rd National Idea;;;;;;;;;;;;;
neoclassical_theory;4th National Idea;;;;;;;;;;;;;
keynesian_economics;5th National Idea;;;;;;;;;;;;;
province_attract_immigrants;Immigration Focus;;;;;;;;;;;;;x
new_world_province_attract_immigrants;Immigration Focus;;;;;;;;;;;;;x